period,period_idx,plant_id,product_id,qty_on_hand_t,inventory_value,age_days,shelf_life_risk,cs_active
2024-10,0,PLT-01,PRD-01,519.67,567061.52,61.3,0,0
2024-10,0,PLT-01,PRD-02,371.84,459934.63,11.7,0,0
2024-10,0,PLT-01,PRD-03,437.86,361057.17,43.3,0,0
2024-10,0,PLT-01,PRD-04,485.07,356381.01,83.7,0,0
2024-10,0,PLT-01,PRD-05,359.31,670553.41,163.9,1,0
2024-10,0,PLT-01,PRD-06,147.8,309734.89,137.2,0,0
2024-10,0,PLT-01,PRD-07,301.13,6814505.19,40.6,0,0
2024-10,0,PLT-01,PRD-08,627.98,899394.98,69.3,0,0
2024-10,0,PLT-01,PRD-09,247.9,402681.3,106.0,0,0
2024-10,0,PLT-01,PRD-10,603.48,462087.42,124.9,0,0
2024-10,0,PLT-01,PRD-11,267.12,275743.63,179.7,1,0
2024-10,0,PLT-01,PRD-12,378.37,337811.86,53.4,0,0
2024-10,0,PLT-02,PRD-01,485.13,529373.04,20.9,0,0
2024-10,0,PLT-02,PRD-02,350.97,434112.98,28.3,0,0
2024-10,0,PLT-02,PRD-03,156.66,129180.78,184.9,1,0
2024-10,0,PLT-02,PRD-04,194.8,143115.94,106.8,0,0
2024-10,0,PLT-02,PRD-05,434.67,811190.22,103.4,0,0
2024-10,0,PLT-02,PRD-06,700.94,1468886.48,16.0,0,0
2024-10,0,PLT-02,PRD-07,724.7,16399926.84,48.0,0,0
2024-10,0,PLT-02,PRD-08,749.64,1073635.31,135.0,0,0
2024-10,0,PLT-02,PRD-09,494.58,803397.02,22.4,0,0
2024-10,0,PLT-02,PRD-10,730.24,559145.02,45.8,0,0
2024-10,0,PLT-02,PRD-11,285.58,294802.31,89.4,0,0
2024-10,0,PLT-02,PRD-12,172.67,154162.26,87.7,0,0
2024-10,0,PLT-03,PRD-01,482.27,526253.5,160.9,1,0
2024-10,0,PLT-03,PRD-02,200.67,248208.77,164.4,1,0
2024-10,0,PLT-03,PRD-03,510.64,421076.52,177.7,1,0
2024-10,0,PLT-03,PRD-04,390.56,286941.21,91.1,0,0
2024-10,0,PLT-03,PRD-05,471.18,879314.49,33.2,0,0
2024-10,0,PLT-03,PRD-06,298.16,624816.22,183.6,1,0
2024-10,0,PLT-03,PRD-07,309.67,7007821.05,131.5,0,0
2024-10,0,PLT-03,PRD-08,209.49,300033.89,133.8,0,0
2024-10,0,PLT-03,PRD-09,496.42,806387.68,179.2,1,0
2024-10,0,PLT-03,PRD-10,440.22,337079.86,29.1,0,0
2024-10,0,PLT-03,PRD-11,210.8,217604.68,150.7,1,0
2024-10,0,PLT-03,PRD-12,548.15,489386.45,56.4,0,0
2024-10,0,PLT-04,PRD-01,182.1,198711.29,73.1,0,0
2024-10,0,PLT-04,PRD-02,331.16,409607.85,81.5,0,0
2024-10,0,PLT-04,PRD-03,491.31,405138.18,68.0,0,0
2024-10,0,PLT-04,PRD-04,200.76,147496.87,134.5,0,0
2024-10,0,PLT-04,PRD-05,136.23,254233.19,189.7,1,0
2024-10,0,PLT-04,PRD-06,232.9,488065.9,128.3,0,0
2024-10,0,PLT-04,PRD-07,621.72,14069555.11,93.9,0,0
2024-10,0,PLT-04,PRD-08,512.66,734230.21,11.2,0,0
2024-10,0,PLT-04,PRD-09,227.7,369877.49,102.0,0,0
2024-10,0,PLT-04,PRD-10,621.26,475702.41,73.1,0,0
2024-10,0,PLT-04,PRD-11,317.33,327584.17,51.6,0,0
2024-10,0,PLT-04,PRD-12,217.34,194038.6,14.0,0,0
2024-10,0,PLT-05,PRD-01,640.56,698975.56,22.4,0,0
2024-10,0,PLT-05,PRD-02,163.09,201726.44,203.0,1,0
2024-10,0,PLT-05,PRD-03,487.76,402209.91,75.5,0,0
2024-10,0,PLT-05,PRD-04,577.89,424572.79,132.8,0,0
2024-10,0,PLT-05,PRD-05,339.43,633435.71,225.5,1,0
2024-10,0,PLT-05,PRD-06,244.47,512312.2,125.6,0,0
2024-10,0,PLT-05,PRD-07,575.59,13025545.32,263.4,1,0
2024-10,0,PLT-05,PRD-08,567.25,812409.41,214.3,1,0
2024-10,0,PLT-05,PRD-09,305.79,496730.26,244.2,1,0
2024-10,0,PLT-05,PRD-10,415.32,318013.8,104.4,0,0
2024-10,0,PLT-05,PRD-11,287.99,297292.1,200.3,1,0
2024-10,0,PLT-05,PRD-12,516.93,461513.24,217.1,1,0
2024-10,0,PLT-06,PRD-01,534.98,583773.03,97.3,0,0
2024-10,0,PLT-06,PRD-02,376.97,466270.55,159.5,1,0
2024-10,0,PLT-06,PRD-03,361.17,297819.19,48.0,0,0
2024-10,0,PLT-06,PRD-04,492.65,361951.89,104.5,0,0
2024-10,0,PLT-06,PRD-05,568.26,1060484.18,42.2,0,0
2024-10,0,PLT-06,PRD-06,536.3,1123866.97,88.2,0,0
2024-10,0,PLT-06,PRD-07,301.7,6827411.31,97.3,0,0
2024-10,0,PLT-06,PRD-08,501.0,717531.39,161.4,1,0
2024-10,0,PLT-06,PRD-09,115.47,187566.15,31.4,0,0
2024-10,0,PLT-06,PRD-10,380.64,291456.15,84.0,0,0
2024-10,0,PLT-06,PRD-11,435.86,449936.67,180.2,1,0
2024-10,0,PLT-06,PRD-12,486.72,434546.66,84.4,0,0
2024-11,1,PLT-01,PRD-01,230.97,252033.15,139.4,0,0
2024-11,1,PLT-01,PRD-02,447.7,553764.9,31.0,0,0
2024-11,1,PLT-01,PRD-03,195.95,161577.91,87.5,0,0
2024-11,1,PLT-01,PRD-04,597.1,438686.03,14.0,0,0
2024-11,1,PLT-01,PRD-05,618.74,1154688.66,162.6,1,0
2024-11,1,PLT-01,PRD-06,464.75,973940.03,165.2,1,0
2024-11,1,PLT-01,PRD-07,370.55,8385479.08,184.0,1,0
2024-11,1,PLT-01,PRD-08,532.49,762628.94,21.9,0,0
2024-11,1,PLT-01,PRD-09,493.63,801855.15,89.1,0,0
2024-11,1,PLT-01,PRD-10,275.15,210680.65,95.2,0,0
2024-11,1,PLT-01,PRD-11,525.41,542379.22,174.5,1,0
2024-11,1,PLT-01,PRD-12,450.38,402095.68,51.4,0,0
2024-11,1,PLT-02,PRD-01,330.54,360689.4,89.3,0,0
2024-11,1,PLT-02,PRD-02,318.59,394059.45,180.4,1,0
2024-11,1,PLT-02,PRD-03,339.83,280223.89,143.6,0,0
2024-11,1,PLT-02,PRD-04,479.32,352158.9,99.2,0,0
2024-11,1,PLT-02,PRD-05,334.41,624073.7,131.4,0,0
2024-11,1,PLT-02,PRD-06,772.54,1618940.72,26.5,0,0
2024-11,1,PLT-02,PRD-07,543.37,12296435.06,71.5,0,0
2024-11,1,PLT-02,PRD-08,183.34,262586.37,169.5,1,0
2024-11,1,PLT-02,PRD-09,562.58,913854.45,46.5,0,0
2024-11,1,PLT-02,PRD-10,259.07,198370.28,145.2,0,0
2024-11,1,PLT-02,PRD-11,307.64,317571.65,45.4,0,0
2024-11,1,PLT-02,PRD-12,449.27,401105.48,20.6,0,0
2024-11,1,PLT-03,PRD-01,388.77,424220.84,144.2,0,0
2024-11,1,PLT-03,PRD-02,388.82,480934.81,105.3,0,0
2024-11,1,PLT-03,PRD-03,238.45,196629.82,106.3,0,0
2024-11,1,PLT-03,PRD-04,164.34,120742.77,152.7,1,0
2024-11,1,PLT-03,PRD-05,284.06,530114.54,146.3,0,0
2024-11,1,PLT-03,PRD-06,248.15,520028.74,86.5,0,0
2024-11,1,PLT-03,PRD-07,428.2,9690098.61,38.1,0,0
2024-11,1,PLT-03,PRD-08,225.08,322359.8,49.6,0,0
2024-11,1,PLT-03,PRD-09,396.14,643484.66,94.0,0,0
2024-11,1,PLT-03,PRD-10,187.2,143335.4,153.3,1,0
2024-11,1,PLT-03,PRD-11,557.7,575717.34,131.7,0,0
2024-11,1,PLT-03,PRD-12,177.73,158676.2,112.2,0,0
2024-11,1,PLT-04,PRD-01,444.51,485050.69,40.3,0,0
2024-11,1,PLT-04,PRD-02,283.86,351107.91,85.5,0,0
2024-11,1,PLT-04,PRD-03,275.51,227187.1,107.9,0,0
2024-11,1,PLT-04,PRD-04,135.35,99440.47,79.2,0,0
2024-11,1,PLT-04,PRD-05,484.1,903425.56,188.2,1,0
2024-11,1,PLT-04,PRD-06,562.34,1178435.46,89.5,0,0
2024-11,1,PLT-04,PRD-07,598.75,13549816.95,122.7,0,0
2024-11,1,PLT-04,PRD-08,390.06,558650.64,13.1,0,0
2024-11,1,PLT-04,PRD-09,551.7,896188.62,177.3,1,0
2024-11,1,PLT-04,PRD-10,380.4,291269.42,107.4,0,0
2024-11,1,PLT-04,PRD-11,621.25,641320.28,117.5,0,0
2024-11,1,PLT-04,PRD-12,467.05,416983.71,106.0,0,0
2024-11,1,PLT-05,PRD-01,200.78,219094.13,67.9,0,0
2024-11,1,PLT-05,PRD-02,267.46,330823.61,100.3,0,0
2024-11,1,PLT-05,PRD-03,613.36,505774.34,160.3,1,0
2024-11,1,PLT-05,PRD-04,631.33,463837.13,81.4,0,0
2024-11,1,PLT-05,PRD-05,254.98,475841.88,216.1,1,0
2024-11,1,PLT-05,PRD-06,492.67,1032430.28,204.6,1,0
2024-11,1,PLT-05,PRD-07,460.2,10414431.83,42.5,0,0
2024-11,1,PLT-05,PRD-08,272.4,390125.73,123.0,0,0
2024-11,1,PLT-05,PRD-09,405.21,658227.58,189.2,1,0
2024-11,1,PLT-05,PRD-10,280.56,214821.08,193.0,1,0
2024-11,1,PLT-05,PRD-11,728.83,752367.52,235.2,1,0
2024-11,1,PLT-05,PRD-12,529.26,472526.01,164.5,1,0
2024-11,1,PLT-06,PRD-01,328.99,358992.89,139.5,0,0
2024-11,1,PLT-06,PRD-02,167.22,206832.46,150.5,1,0
2024-11,1,PLT-06,PRD-03,207.85,171391.39,29.3,0,0
2024-11,1,PLT-06,PRD-04,156.64,115081.68,44.3,0,0
2024-11,1,PLT-06,PRD-05,290.13,541442.4,177.6,1,0
2024-11,1,PLT-06,PRD-06,149.44,313161.3,114.4,0,0
2024-11,1,PLT-06,PRD-07,199.77,4520868.67,88.8,0,0
2024-11,1,PLT-06,PRD-08,435.28,623412.67,12.6,0,0
2024-11,1,PLT-06,PRD-09,481.8,782636.65,145.9,0,0
2024-11,1,PLT-06,PRD-10,352.43,269858.49,52.0,0,0
2024-11,1,PLT-06,PRD-11,232.12,239618.58,180.1,1,0
2024-11,1,PLT-06,PRD-12,439.23,392141.6,13.1,0,0
2024-12,2,PLT-01,PRD-01,352.73,384898.04,15.2,0,0
2024-12,2,PLT-01,PRD-02,558.51,690820.68,116.7,0,0
2024-12,2,PLT-01,PRD-03,217.27,179164.91,67.4,0,0
2024-12,2,PLT-01,PRD-04,564.75,414925.21,142.1,0,0
2024-12,2,PLT-01,PRD-05,135.74,253316.57,161.0,1,0
2024-12,2,PLT-01,PRD-06,206.37,432471.92,60.0,0,0
2024-12,2,PLT-01,PRD-07,245.96,5566111.84,54.0,0,0
2024-12,2,PLT-01,PRD-08,620.33,888438.78,97.5,0,0
2024-12,2,PLT-01,PRD-09,580.15,942397.58,14.7,0,0
2024-12,2,PLT-01,PRD-10,182.94,140075.04,31.6,0,0
2024-12,2,PLT-01,PRD-11,179.06,184847.64,83.1,0,0
2024-12,2,PLT-01,PRD-12,356.0,317835.46,28.0,0,0
2024-12,2,PLT-02,PRD-01,791.11,863261.3,110.7,0,0
2024-12,2,PLT-02,PRD-02,346.67,428794.44,92.9,0,0
2024-12,2,PLT-02,PRD-03,787.49,649361.79,166.5,1,0
2024-12,2,PLT-02,PRD-04,309.9,227686.43,85.0,0,0
2024-12,2,PLT-02,PRD-05,620.42,1157821.55,158.0,1,0
2024-12,2,PLT-02,PRD-06,256.91,538385.63,152.8,1,0
2024-12,2,PLT-02,PRD-07,265.23,6002058.59,25.0,0,0
2024-12,2,PLT-02,PRD-08,162.77,233116.3,27.3,0,0
2024-12,2,PLT-02,PRD-09,431.64,701159.07,21.3,0,0
2024-12,2,PLT-02,PRD-10,613.2,469528.8,42.2,0,0
2024-12,2,PLT-02,PRD-11,220.84,227972.3,83.3,0,0
2024-12,2,PLT-02,PRD-12,223.2,199273.34,49.1,0,0
2024-12,2,PLT-03,PRD-01,214.39,233946.68,141.4,0,0
2024-12,2,PLT-03,PRD-02,379.06,468860.82,154.6,1,0
2024-12,2,PLT-03,PRD-03,276.15,227710.27,166.1,1,0
2024-12,2,PLT-03,PRD-04,341.83,251142.79,173.2,1,0
2024-12,2,PLT-03,PRD-05,434.62,811084.42,106.3,0,0
2024-12,2,PLT-03,PRD-06,348.17,729623.46,92.3,0,0
2024-12,2,PLT-03,PRD-07,497.5,11258463.73,136.5,0,0
2024-12,2,PLT-03,PRD-08,539.48,772650.39,26.9,0,0
2024-12,2,PLT-03,PRD-09,237.59,385935.45,143.1,0,0
2024-12,2,PLT-03,PRD-10,179.32,137301.97,178.5,1,0
2024-12,2,PLT-03,PRD-11,209.07,215825.28,124.3,0,0
2024-12,2,PLT-03,PRD-12,217.24,193951.97,135.2,0,0
2024-12,2,PLT-04,PRD-01,419.54,457805.78,137.8,0,0
2024-12,2,PLT-04,PRD-02,206.82,255817.64,158.1,1,0
2024-12,2,PLT-04,PRD-03,651.49,537217.32,59.1,0,0
2024-12,2,PLT-04,PRD-04,500.14,367453.66,68.2,0,0
2024-12,2,PLT-04,PRD-05,506.39,945026.29,124.0,0,0
2024-12,2,PLT-04,PRD-06,159.35,333941.55,22.2,0,0
2024-12,2,PLT-04,PRD-07,341.04,7717845.4,17.4,0,0
2024-12,2,PLT-04,PRD-08,407.93,584243.29,149.1,0,0
2024-12,2,PLT-04,PRD-09,648.64,1053654.7,102.0,0,0
2024-12,2,PLT-04,PRD-10,609.07,466366.13,79.5,0,0
2024-12,2,PLT-04,PRD-11,265.83,274412.19,87.4,0,0
2024-12,2,PLT-04,PRD-12,441.94,394563.88,149.2,0,0
2024-12,2,PLT-05,PRD-01,580.93,633913.04,138.5,0,0
2024-12,2,PLT-05,PRD-02,417.38,516254.65,191.4,1,0
2024-12,2,PLT-05,PRD-03,668.56,551297.59,182.1,1,0
2024-12,2,PLT-05,PRD-04,516.1,379176.66,236.7,1,0
2024-12,2,PLT-05,PRD-05,659.09,1230002.22,234.3,1,0
2024-12,2,PLT-05,PRD-06,275.27,576858.68,61.2,0,0
2024-12,2,PLT-05,PRD-07,420.31,9511720.37,246.0,1,0
2024-12,2,PLT-05,PRD-08,589.81,844725.64,215.8,1,0
2024-12,2,PLT-05,PRD-09,734.17,1192586.38,71.1,0,0
2024-12,2,PLT-05,PRD-10,649.97,497681.79,172.0,1,0
2024-12,2,PLT-05,PRD-11,425.07,438798.0,81.6,0,0
2024-12,2,PLT-05,PRD-12,564.5,503983.75,148.6,0,0
2024-12,2,PLT-06,PRD-01,272.25,297083.04,30.9,0,0
2024-12,2,PLT-06,PRD-02,185.73,229730.04,156.2,1,0
2024-12,2,PLT-06,PRD-03,306.41,252665.48,118.2,0,0
2024-12,2,PLT-06,PRD-04,292.64,215000.37,46.1,0,0
2024-12,2,PLT-06,PRD-05,535.61,999549.94,94.4,0,0
2024-12,2,PLT-06,PRD-06,480.19,1006285.17,46.2,0,0
2024-12,2,PLT-06,PRD-07,590.82,13370362.45,90.9,0,0
2024-12,2,PLT-06,PRD-08,528.09,756324.68,168.1,1,0
2024-12,2,PLT-06,PRD-09,528.42,858361.93,82.1,0,0
2024-12,2,PLT-06,PRD-10,476.25,364661.99,131.1,0,0
2024-12,2,PLT-06,PRD-11,164.62,169937.98,115.8,0,0
2024-12,2,PLT-06,PRD-12,206.76,184597.73,159.3,1,0
2025-01,3,PLT-01,PRD-01,507.17,553424.95,63.7,0,0
2025-01,3,PLT-01,PRD-02,492.46,609126.53,163.0,1,0
2025-01,3,PLT-01,PRD-03,316.49,260981.5,71.1,0,0
2025-01,3,PLT-01,PRD-04,147.98,108718.11,33.0,0,0
2025-01,3,PLT-01,PRD-05,462.57,863242.24,83.0,0,0
2025-01,3,PLT-01,PRD-06,143.28,300256.96,118.8,0,0
2025-01,3,PLT-01,PRD-07,508.43,11505834.93,187.4,1,0
2025-01,3,PLT-01,PRD-08,204.67,293128.06,77.7,0,0
2025-01,3,PLT-01,PRD-09,410.95,667544.29,21.9,0,0
2025-01,3,PLT-01,PRD-10,126.93,97190.33,31.9,0,0
2025-01,3,PLT-01,PRD-11,328.97,339594.87,171.2,1,0
2025-01,3,PLT-01,PRD-12,570.91,509707.7,15.3,0,0
2025-01,3,PLT-02,PRD-01,306.73,334701.8,85.1,0,0
2025-01,3,PLT-02,PRD-02,201.78,249585.83,61.3,0,0
2025-01,3,PLT-02,PRD-03,209.31,172596.76,21.9,0,0
2025-01,3,PLT-02,PRD-04,444.65,326684.44,106.2,0,0
2025-01,3,PLT-02,PRD-05,772.5,1441631.86,137.9,0,0
2025-01,3,PLT-02,PRD-06,395.72,829263.76,19.8,0,0
2025-01,3,PLT-02,PRD-07,683.47,15466911.67,146.5,0,0
2025-01,3,PLT-02,PRD-08,559.43,801222.42,81.8,0,0
2025-01,3,PLT-02,PRD-09,667.97,1085052.32,28.8,0,0
2025-01,3,PLT-02,PRD-10,659.58,505043.1,18.3,0,0
2025-01,3,PLT-02,PRD-11,228.21,235584.02,10.6,0,0
2025-01,3,PLT-02,PRD-12,401.88,358801.5,115.3,0,0
2025-01,3,PLT-03,PRD-01,571.86,624008.94,135.5,0,0
2025-01,3,PLT-03,PRD-02,213.64,264252.06,77.6,0,0
2025-01,3,PLT-03,PRD-03,199.26,164306.37,75.6,0,0
2025-01,3,PLT-03,PRD-04,485.02,356344.41,176.9,1,0
2025-01,3,PLT-03,PRD-05,556.94,1039370.55,83.6,0,0
2025-01,3,PLT-03,PRD-06,174.22,365101.01,116.8,0,0
2025-01,3,PLT-03,PRD-07,476.07,10773478.54,61.3,0,0
2025-01,3,PLT-03,PRD-08,528.45,756853.13,99.7,0,0
2025-01,3,PLT-03,PRD-09,284.18,461628.83,176.9,1,0
2025-01,3,PLT-03,PRD-10,296.13,226743.01,172.3,1,0
2025-01,3,PLT-03,PRD-11,311.24,321297.38,128.4,0,0
2025-01,3,PLT-03,PRD-12,394.39,352111.56,123.5,0,0
2025-01,3,PLT-04,PRD-01,243.63,265851.91,117.7,0,0
2025-01,3,PLT-04,PRD-02,360.49,445895.29,91.5,0,0
2025-01,3,PLT-04,PRD-03,511.66,421916.36,55.7,0,0
2025-01,3,PLT-04,PRD-04,469.85,345195.88,35.2,0,0
2025-01,3,PLT-04,PRD-05,203.94,380589.16,98.7,0,0
2025-01,3,PLT-04,PRD-06,255.37,535155.1,169.6,1,0
2025-01,3,PLT-04,PRD-07,561.43,12705048.08,61.8,0,0
2025-01,3,PLT-04,PRD-08,487.07,697583.65,127.3,0,0
2025-01,3,PLT-04,PRD-09,309.13,502158.45,88.7,0,0
2025-01,3,PLT-04,PRD-10,533.8,408733.86,34.8,0,0
2025-01,3,PLT-04,PRD-11,672.19,693901.44,173.0,1,0
2025-01,3,PLT-04,PRD-12,407.84,364123.28,29.2,0,0
2025-01,3,PLT-05,PRD-01,257.44,280917.2,162.8,1,0
2025-01,3,PLT-05,PRD-02,406.87,503260.82,203.4,1,0
2025-01,3,PLT-05,PRD-03,361.77,298316.83,176.4,1,0
2025-01,3,PLT-05,PRD-04,671.97,493697.71,190.6,1,0
2025-01,3,PLT-05,PRD-05,291.68,544341.54,59.5,0,0
2025-01,3,PLT-05,PRD-06,361.88,758358.83,17.6,0,0
2025-01,3,PLT-05,PRD-07,476.22,10776945.63,67.5,0,0
2025-01,3,PLT-05,PRD-08,402.02,575771.02,264.2,1,0
2025-01,3,PLT-05,PRD-09,488.34,793251.59,31.4,0,0
2025-01,3,PLT-05,PRD-10,447.38,342555.96,51.0,0,0
2025-01,3,PLT-05,PRD-11,687.12,709310.18,199.2,1,0
2025-01,3,PLT-05,PRD-12,216.75,193513.0,48.0,0,0
2025-01,3,PLT-06,PRD-01,145.91,159213.99,171.1,1,0
2025-01,3,PLT-06,PRD-02,333.42,412411.56,182.2,1,0
2025-01,3,PLT-06,PRD-03,290.85,239838.9,146.4,0,0
2025-01,3,PLT-06,PRD-04,420.28,308782.76,79.8,0,0
2025-01,3,PLT-06,PRD-05,420.5,784733.6,170.0,1,0
2025-01,3,PLT-06,PRD-06,279.83,586401.82,64.1,0,0
2025-01,3,PLT-06,PRD-07,410.17,9282098.04,46.1,0,0
2025-01,3,PLT-06,PRD-08,600.53,860084.41,166.4,1,0
2025-01,3,PLT-06,PRD-09,371.33,603180.52,67.2,0,0
2025-01,3,PLT-06,PRD-10,562.17,430451.15,20.9,0,0
2025-01,3,PLT-06,PRD-11,371.94,383955.17,97.1,0,0
2025-01,3,PLT-06,PRD-12,320.88,286477.39,58.8,0,0
2025-02,4,PLT-01,PRD-01,449.19,490154.89,68.2,0,0
2025-02,4,PLT-01,PRD-02,535.03,661773.49,46.6,0,0
2025-02,4,PLT-01,PRD-03,232.03,191331.81,95.8,0,0
2025-02,4,PLT-01,PRD-04,471.15,346156.63,23.8,0,0
2025-02,4,PLT-01,PRD-05,424.7,792580.17,137.5,0,0
2025-02,4,PLT-01,PRD-06,577.6,1210426.22,105.7,0,0
2025-02,4,PLT-01,PRD-07,578.98,13102428.96,162.8,1,0
2025-02,4,PLT-01,PRD-08,506.97,726088.27,62.5,0,0
2025-02,4,PLT-01,PRD-09,305.9,496909.26,169.6,1,0
2025-02,4,PLT-01,PRD-10,415.44,318101.33,140.1,0,0
2025-02,4,PLT-01,PRD-11,405.97,419082.4,129.6,0,0
2025-02,4,PLT-01,PRD-12,239.66,213970.52,175.5,1,0
2025-02,4,PLT-02,PRD-01,195.86,213723.42,105.8,0,0
2025-02,4,PLT-02,PRD-02,161.33,199549.71,156.9,1,0
2025-02,4,PLT-02,PRD-03,261.89,215958.53,157.6,1,0
2025-02,4,PLT-02,PRD-04,743.68,546378.76,116.9,0,0
2025-02,4,PLT-02,PRD-05,533.2,995052.54,37.8,0,0
2025-02,4,PLT-02,PRD-06,681.07,1427245.48,42.5,0,0
2025-02,4,PLT-02,PRD-07,257.8,5833963.03,132.7,0,0
2025-02,4,PLT-02,PRD-08,209.42,299932.38,156.1,1,0
2025-02,4,PLT-02,PRD-09,225.12,365686.97,106.9,0,0
2025-02,4,PLT-02,PRD-10,631.12,483248.59,128.6,0,0
2025-02,4,PLT-02,PRD-11,365.76,377570.7,55.4,0,0
2025-02,4,PLT-02,PRD-12,242.62,216607.86,101.1,0,0
2025-02,4,PLT-03,PRD-01,243.42,265615.99,103.1,0,0
2025-02,4,PLT-03,PRD-02,161.11,199279.45,189.1,1,0
2025-02,4,PLT-03,PRD-03,153.84,126856.49,62.0,0,0
2025-02,4,PLT-03,PRD-04,389.62,286253.33,121.8,0,0
2025-02,4,PLT-03,PRD-05,428.63,799900.71,71.2,0,0
2025-02,4,PLT-03,PRD-06,439.31,920616.74,21.2,0,0
2025-02,4,PLT-03,PRD-07,446.01,10093123.14,82.0,0,0
2025-02,4,PLT-03,PRD-08,505.87,724512.52,127.0,0,0
2025-02,4,PLT-03,PRD-09,456.83,742080.29,99.5,0,0
2025-02,4,PLT-03,PRD-10,314.77,241015.98,81.3,0,0
2025-02,4,PLT-03,PRD-11,191.64,197828.78,66.1,0,0
2025-02,4,PLT-03,PRD-12,303.19,270683.97,159.2,1,0
2025-02,4,PLT-04,PRD-01,438.62,478619.79,40.9,0,0
2025-02,4,PLT-04,PRD-02,419.77,519208.37,171.9,1,0
2025-02,4,PLT-04,PRD-03,144.53,119180.86,135.4,0,0
2025-02,4,PLT-04,PRD-04,448.4,329440.02,177.6,1,0
2025-02,4,PLT-04,PRD-05,188.09,351016.91,18.4,0,0
2025-02,4,PLT-04,PRD-06,319.75,670063.99,138.0,0,0
2025-02,4,PLT-04,PRD-07,630.98,14278977.84,16.4,0,0
2025-02,4,PLT-04,PRD-08,546.45,782627.63,109.4,0,0
2025-02,4,PLT-04,PRD-09,287.26,466621.72,98.5,0,0
2025-02,4,PLT-04,PRD-10,175.02,134012.05,170.5,1,0
2025-02,4,PLT-04,PRD-11,201.38,207885.42,95.5,0,0
2025-02,4,PLT-04,PRD-12,603.19,538526.97,183.4,1,0
2025-02,4,PLT-05,PRD-01,511.72,558392.51,137.7,0,0
2025-02,4,PLT-05,PRD-02,455.21,563045.54,26.0,0,0
2025-02,4,PLT-05,PRD-03,376.83,310733.59,262.6,1,0
2025-02,4,PLT-05,PRD-04,422.99,310771.46,147.6,0,0
2025-02,4,PLT-05,PRD-05,512.77,956923.2,258.3,1,0
2025-02,4,PLT-05,PRD-06,147.02,308093.9,257.4,1,0
2025-02,4,PLT-05,PRD-07,678.52,15354797.19,195.4,1,0
2025-02,4,PLT-05,PRD-08,220.75,316162.99,127.3,0,0
2025-02,4,PLT-05,PRD-09,177.07,287635.28,49.6,0,0
2025-02,4,PLT-05,PRD-10,368.77,282369.81,14.2,0,0
2025-02,4,PLT-05,PRD-11,262.58,271057.05,118.4,0,0
2025-02,4,PLT-05,PRD-12,177.51,158479.6,15.0,0,0
2025-02,4,PLT-06,PRD-01,314.95,343675.93,111.5,0,0
2025-02,4,PLT-06,PRD-02,245.69,303895.17,134.9,0,0
2025-02,4,PLT-06,PRD-03,445.01,366954.58,83.8,0,0
2025-02,4,PLT-06,PRD-04,357.59,262724.13,90.9,0,0
2025-02,4,PLT-06,PRD-05,552.69,1031428.99,63.8,0,0
2025-02,4,PLT-06,PRD-06,465.47,975443.47,140.8,0,0
2025-02,4,PLT-06,PRD-07,376.16,8512425.04,43.0,0,0
2025-02,4,PLT-06,PRD-08,155.86,223223.87,107.3,0,0
2025-02,4,PLT-06,PRD-09,389.87,633305.79,127.8,0,0
2025-02,4,PLT-06,PRD-10,320.19,245165.75,14.9,0,0
2025-02,4,PLT-06,PRD-11,432.95,446929.69,123.9,0,0
2025-02,4,PLT-06,PRD-12,605.73,540794.56,16.2,0,0
2025-03,5,PLT-01,PRD-01,187.71,204824.75,129.6,0,0
2025-03,5,PLT-01,PRD-02,561.72,694790.52,126.9,0,0
2025-03,5,PLT-01,PRD-03,148.35,122330.8,162.0,1,0
2025-03,5,PLT-01,PRD-04,618.83,454657.57,158.5,1,0
2025-03,5,PLT-01,PRD-05,293.84,548362.34,20.3,0,0
2025-03,5,PLT-01,PRD-06,152.13,318796.1,72.8,0,0
2025-03,5,PLT-01,PRD-07,602.2,13627785.46,67.0,0,0
2025-03,5,PLT-01,PRD-08,235.46,337219.26,76.6,0,0
2025-03,5,PLT-01,PRD-09,625.03,1015296.24,27.8,0,0
2025-03,5,PLT-01,PRD-10,283.07,216743.16,100.2,0,0
2025-03,5,PLT-01,PRD-11,584.93,603822.42,117.8,0,0
2025-03,5,PLT-01,PRD-12,351.47,313796.54,29.8,0,0
2025-03,5,PLT-02,PRD-01,453.25,494586.05,52.4,0,0
2025-03,5,PLT-02,PRD-02,539.58,667409.42,50.7,0,0
2025-03,5,PLT-02,PRD-03,222.66,183604.82,113.3,0,0
2025-03,5,PLT-02,PRD-04,172.93,127049.58,148.9,0,0
2025-03,5,PLT-02,PRD-05,541.04,1009691.41,164.0,1,0
2025-03,5,PLT-02,PRD-06,588.47,1233187.68,92.3,0,0
2025-03,5,PLT-02,PRD-07,662.17,14984794.68,13.8,0,0
2025-03,5,PLT-02,PRD-08,460.53,659574.23,170.3,1,0
2025-03,5,PLT-02,PRD-09,454.05,737560.77,175.4,1,0
2025-03,5,PLT-02,PRD-10,624.65,478293.2,19.2,0,0
2025-03,5,PLT-02,PRD-11,178.08,183831.22,50.4,0,0
2025-03,5,PLT-02,PRD-12,641.04,572316.94,46.4,0,0
2025-03,5,PLT-03,PRD-01,139.71,152446.1,148.8,0,0
2025-03,5,PLT-03,PRD-02,522.95,646832.24,137.9,0,0
2025-03,5,PLT-03,PRD-03,242.25,199761.53,113.5,0,0
2025-03,5,PLT-03,PRD-04,277.8,204102.44,184.2,1,0
2025-03,5,PLT-03,PRD-05,568.39,1060726.4,149.6,0,0
2025-03,5,PLT-03,PRD-06,289.55,606785.15,54.8,0,0
2025-03,5,PLT-03,PRD-07,399.58,9042575.36,161.9,1,0
2025-03,5,PLT-03,PRD-08,530.65,759990.5,10.6,0,0
2025-03,5,PLT-03,PRD-09,435.74,707816.69,175.0,1,0
2025-03,5,PLT-03,PRD-10,157.98,120967.55,167.0,1,0
2025-03,5,PLT-03,PRD-11,320.76,331121.6,110.6,0,0
2025-03,5,PLT-03,PRD-12,234.84,209665.76,137.4,0,0
2025-03,5,PLT-04,PRD-01,347.36,379035.47,19.4,0,0
2025-03,5,PLT-04,PRD-02,484.57,599360.04,94.9,0,0
2025-03,5,PLT-04,PRD-03,372.72,307343.57,29.5,0,0
2025-03,5,PLT-04,PRD-04,624.33,458696.3,149.0,0,0
2025-03,5,PLT-04,PRD-05,649.97,1212978.22,12.5,0,0
2025-03,5,PLT-04,PRD-06,321.66,674077.66,161.5,1,0
2025-03,5,PLT-04,PRD-07,465.72,10539143.59,123.1,0,0
2025-03,5,PLT-04,PRD-08,377.33,540410.14,25.1,0,0
2025-03,5,PLT-04,PRD-09,410.22,666362.57,10.0,0,0
2025-03,5,PLT-04,PRD-10,644.04,493138.82,18.4,0,0
2025-03,5,PLT-04,PRD-11,166.87,172254.76,125.7,0,0
2025-03,5,PLT-04,PRD-12,478.1,426846.01,111.9,0,0
2025-03,5,PLT-05,PRD-01,231.29,252378.93,171.2,1,0
2025-03,5,PLT-05,PRD-02,179.69,222256.68,235.8,1,0
2025-03,5,PLT-05,PRD-03,283.98,234173.33,89.5,0,0
2025-03,5,PLT-05,PRD-04,412.0,302696.41,174.4,1,0
2025-03,5,PLT-05,PRD-05,291.78,544526.48,250.9,1,0
2025-03,5,PLT-05,PRD-06,674.43,1413333.16,39.6,0,0
2025-03,5,PLT-05,PRD-07,334.72,7574681.51,115.6,0,0
2025-03,5,PLT-05,PRD-08,275.68,394830.55,123.3,0,0
2025-03,5,PLT-05,PRD-09,632.73,1027808.73,112.7,0,0
2025-03,5,PLT-05,PRD-10,436.19,333988.9,159.9,1,0
2025-03,5,PLT-05,PRD-11,159.92,165083.3,140.1,0,0
2025-03,5,PLT-05,PRD-12,564.4,503897.78,40.9,0,0
2025-03,5,PLT-06,PRD-01,220.17,240245.02,62.3,0,0
2025-03,5,PLT-06,PRD-02,147.44,182362.71,145.6,0,0
2025-03,5,PLT-06,PRD-03,534.47,440724.64,143.2,0,0
2025-03,5,PLT-06,PRD-04,182.01,133723.38,75.5,0,0
2025-03,5,PLT-06,PRD-05,327.01,610271.43,181.3,1,0
2025-03,5,PLT-06,PRD-06,250.68,525325.36,100.0,0,0
2025-03,5,PLT-06,PRD-07,581.71,13164109.3,81.9,0,0
2025-03,5,PLT-06,PRD-08,563.34,806815.51,175.8,1,0
2025-03,5,PLT-06,PRD-09,587.8,954824.78,121.9,0,0
2025-03,5,PLT-06,PRD-10,345.08,264230.96,103.3,0,0
2025-03,5,PLT-06,PRD-11,163.39,168672.37,178.6,1,0
2025-03,5,PLT-06,PRD-12,419.89,374879.54,55.8,0,0
2025-04,6,PLT-01,PRD-01,194.48,212217.64,169.5,1,0
2025-04,6,PLT-01,PRD-02,632.41,782233.46,48.9,0,0
2025-04,6,PLT-01,PRD-03,158.82,130964.88,43.3,0,0
2025-04,6,PLT-01,PRD-04,181.59,133413.12,139.3,0,0
2025-04,6,PLT-01,PRD-05,530.65,990305.53,89.4,0,0
2025-04,6,PLT-01,PRD-06,247.09,517791.83,149.3,0,0
2025-04,6,PLT-01,PRD-07,457.32,10349246.56,78.1,0,0
2025-04,6,PLT-01,PRD-08,489.7,701346.27,78.2,0,0
2025-04,6,PLT-01,PRD-09,246.13,399809.84,177.7,1,0
2025-04,6,PLT-01,PRD-10,123.44,94514.94,43.1,0,0
2025-04,6,PLT-01,PRD-11,531.48,548645.63,147.9,0,0
2025-04,6,PLT-01,PRD-12,138.11,123301.75,161.3,1,0
2025-04,6,PLT-02,PRD-01,216.13,235843.9,174.3,1,0
2025-04,6,PLT-02,PRD-02,654.45,809489.64,168.3,1,0
2025-04,6,PLT-02,PRD-03,418.42,345027.56,19.2,0,0
2025-04,6,PLT-02,PRD-04,405.15,297660.24,112.3,0,0
2025-04,6,PLT-02,PRD-05,340.7,635805.86,128.4,0,0
2025-04,6,PLT-02,PRD-06,265.52,556424.6,25.5,0,0
2025-04,6,PLT-02,PRD-07,163.0,3688629.12,134.5,0,0
2025-04,6,PLT-02,PRD-08,772.06,1105747.19,164.3,1,0
2025-04,6,PLT-02,PRD-09,250.02,406131.23,174.2,1,0
2025-04,6,PLT-02,PRD-10,732.84,561137.36,64.9,0,0
2025-04,6,PLT-02,PRD-11,707.8,730662.8,59.5,0,0
2025-04,6,PLT-02,PRD-12,320.45,286095.74,164.6,1,0
2025-04,6,PLT-03,PRD-01,142.57,155571.04,180.5,1,0
2025-04,6,PLT-03,PRD-02,279.0,345098.33,62.9,0,0
2025-04,6,PLT-03,PRD-03,352.0,290262.45,147.0,0,0
2025-04,6,PLT-03,PRD-04,172.25,126554.75,84.7,0,0
2025-04,6,PLT-03,PRD-05,446.31,832897.36,10.5,0,0
2025-04,6,PLT-03,PRD-06,274.26,574737.24,22.4,0,0
2025-04,6,PLT-03,PRD-07,537.24,12157765.48,91.3,0,0
2025-04,6,PLT-03,PRD-08,371.89,532626.64,31.0,0,0
2025-04,6,PLT-03,PRD-09,164.74,267597.71,70.5,0,0
2025-04,6,PLT-03,PRD-10,209.76,160615.82,65.2,0,0
2025-04,6,PLT-03,PRD-11,406.49,419616.9,20.5,0,0
2025-04,6,PLT-03,PRD-12,368.98,329426.41,22.9,0,0
2025-04,6,PLT-04,PRD-01,321.68,351017.19,135.2,0,0
2025-04,6,PLT-04,PRD-02,566.77,701035.55,32.8,0,0
2025-04,6,PLT-04,PRD-03,392.76,323866.94,147.5,0,0
2025-04,6,PLT-04,PRD-04,613.75,450919.0,52.0,0,0
2025-04,6,PLT-04,PRD-05,373.74,697480.15,158.3,1,0
2025-04,6,PLT-04,PRD-06,454.12,951660.54,88.1,0,0
2025-04,6,PLT-04,PRD-07,187.76,4249065.48,79.1,0,0
2025-04,6,PLT-04,PRD-08,695.89,996654.46,189.8,1,0
2025-04,6,PLT-04,PRD-09,510.59,829396.41,183.7,1,0
2025-04,6,PLT-04,PRD-10,668.01,511494.42,41.3,0,0
2025-04,6,PLT-04,PRD-11,587.63,606613.1,42.3,0,0
2025-04,6,PLT-04,PRD-12,578.55,516533.46,63.9,0,0
2025-04,6,PLT-05,PRD-01,676.58,738282.26,29.4,0,0
2025-04,6,PLT-05,PRD-02,645.21,798064.87,140.0,0,0
2025-04,6,PLT-05,PRD-03,738.26,608769.13,259.0,1,0
2025-04,6,PLT-05,PRD-04,688.11,505557.99,207.1,1,0
2025-04,6,PLT-05,PRD-05,704.93,1315543.24,258.8,1,0
2025-04,6,PLT-05,PRD-06,676.27,1417185.52,216.1,1,0
2025-04,6,PLT-05,PRD-07,734.85,16629734.71,48.9,0,0
2025-04,6,PLT-05,PRD-08,554.69,794430.23,23.4,0,0
2025-04,6,PLT-05,PRD-09,463.34,752652.13,175.8,1,0
2025-04,6,PLT-05,PRD-10,647.23,495587.36,123.5,0,0
2025-04,6,PLT-05,PRD-11,307.96,317912.09,181.5,1,0
2025-04,6,PLT-05,PRD-12,705.19,629595.02,145.0,0,0
2025-04,6,PLT-06,PRD-01,359.69,392490.13,151.0,1,0
2025-04,6,PLT-06,PRD-02,518.69,641567.59,110.5,0,0
2025-04,6,PLT-06,PRD-03,338.17,278851.62,166.2,1,0
2025-04,6,PLT-06,PRD-04,388.81,285659.72,65.0,0,0
2025-04,6,PLT-06,PRD-05,537.08,1002302.0,112.5,0,0
2025-04,6,PLT-06,PRD-06,484.27,1014843.38,82.6,0,0
2025-04,6,PLT-06,PRD-07,345.9,7827717.02,34.6,0,0
2025-04,6,PLT-06,PRD-08,176.15,252280.19,161.9,1,0
2025-04,6,PLT-06,PRD-09,213.17,346276.28,155.9,1,0
2025-04,6,PLT-06,PRD-10,337.41,258357.22,134.6,0,0
2025-04,6,PLT-06,PRD-11,155.58,160602.12,85.9,0,0
2025-04,6,PLT-06,PRD-12,408.73,364912.62,62.9,0,0
2025-05,7,PLT-01,PRD-01,568.61,620463.54,189.1,1,0
2025-05,7,PLT-01,PRD-02,302.56,374237.17,127.9,0,0
2025-05,7,PLT-01,PRD-03,215.44,177652.17,91.5,0,0
2025-05,7,PLT-01,PRD-04,152.63,112138.42,142.0,0,0
2025-05,7,PLT-01,PRD-05,341.66,637599.59,173.4,1,0
2025-05,7,PLT-01,PRD-06,242.54,508260.33,32.6,0,0
2025-05,7,PLT-01,PRD-07,150.62,3408637.24,148.7,0,0
2025-05,7,PLT-01,PRD-08,550.44,788338.74,189.0,1,0
2025-05,7,PLT-01,PRD-09,494.63,803478.73,64.8,0,0
2025-05,7,PLT-01,PRD-10,323.84,247960.74,54.1,0,0
2025-05,7,PLT-01,PRD-11,628.87,649183.94,19.5,0,0
2025-05,7,PLT-01,PRD-12,602.31,537744.67,115.7,0,0
2025-05,7,PLT-02,PRD-01,297.43,324560.2,169.6,1,0
2025-05,7,PLT-02,PRD-02,649.84,803789.33,143.1,0,0
2025-05,7,PLT-02,PRD-03,456.06,376070.34,114.7,0,0
2025-05,7,PLT-02,PRD-04,709.13,520999.96,25.7,0,0
2025-05,7,PLT-02,PRD-05,462.86,863798.05,14.2,0,0
2025-05,7,PLT-02,PRD-06,473.14,991520.7,15.7,0,0
2025-05,7,PLT-02,PRD-07,533.06,12063157.85,184.5,1,0
2025-05,7,PLT-02,PRD-08,651.72,933394.74,42.5,0,0
2025-05,7,PLT-02,PRD-09,164.05,266475.51,146.5,0,0
2025-05,7,PLT-02,PRD-10,241.65,185029.89,161.6,1,0
2025-05,7,PLT-02,PRD-11,306.82,316726.3,112.8,0,0
2025-05,7,PLT-02,PRD-12,242.62,216607.37,98.1,0,0
2025-05,7,PLT-03,PRD-01,219.1,239085.52,157.6,1,0
2025-05,7,PLT-03,PRD-02,570.75,705957.06,138.1,0,0
2025-05,7,PLT-03,PRD-03,298.74,246341.44,94.1,0,0
2025-05,7,PLT-03,PRD-04,133.16,97829.12,63.3,0,0
2025-05,7,PLT-03,PRD-05,328.35,612771.32,158.3,1,0
2025-05,7,PLT-03,PRD-06,345.13,723256.56,14.2,0,0
2025-05,7,PLT-03,PRD-07,320.44,7251629.02,177.5,1,0
2025-05,7,PLT-03,PRD-08,114.14,163476.02,103.5,0,0
2025-05,7,PLT-03,PRD-09,165.71,269175.05,103.9,0,0
2025-05,7,PLT-03,PRD-10,553.95,424157.24,93.6,0,0
2025-05,7,PLT-03,PRD-11,305.91,315787.29,76.9,0,0
2025-05,7,PLT-03,PRD-12,511.33,456519.79,165.5,1,0
2025-05,7,PLT-04,PRD-01,693.82,757094.47,12.6,0,0
2025-05,7,PLT-04,PRD-02,226.02,279566.49,74.4,0,0
2025-05,7,PLT-04,PRD-03,681.14,561664.85,130.3,0,0
2025-05,7,PLT-04,PRD-04,390.2,286683.19,138.6,0,0
2025-05,7,PLT-04,PRD-05,638.93,1192375.25,83.1,0,0
2025-05,7,PLT-04,PRD-06,635.73,1332234.35,190.0,1,0
2025-05,7,PLT-04,PRD-07,314.69,7121535.3,19.1,0,0
2025-05,7,PLT-04,PRD-08,210.67,301721.55,30.4,0,0
2025-05,7,PLT-04,PRD-09,431.68,701214.05,146.2,0,0
2025-05,7,PLT-04,PRD-10,550.38,421426.03,21.0,0,0
2025-05,7,PLT-04,PRD-11,486.65,502364.42,144.0,0,0
2025-05,7,PLT-04,PRD-12,552.2,493008.21,61.7,0,0
2025-05,7,PLT-05,PRD-01,512.83,559595.3,40.1,0,0
2025-05,7,PLT-05,PRD-02,203.86,252157.91,80.0,0,0
2025-05,7,PLT-05,PRD-03,638.85,526792.07,121.9,0,0
2025-05,7,PLT-05,PRD-04,319.13,234465.17,244.1,1,0
2025-05,7,PLT-05,PRD-05,683.35,1275265.58,167.4,1,0
2025-05,7,PLT-05,PRD-06,157.74,330567.7,117.9,0,0
2025-05,7,PLT-05,PRD-07,326.8,7395419.71,88.0,0,0
2025-05,7,PLT-05,PRD-08,543.58,778517.13,74.7,0,0
2025-05,7,PLT-05,PRD-09,313.97,510017.73,91.5,0,0
2025-05,7,PLT-05,PRD-10,612.19,468755.99,128.6,0,0
2025-05,7,PLT-05,PRD-11,175.42,181083.42,198.2,1,0
2025-05,7,PLT-05,PRD-12,699.37,624400.79,36.1,0,0
2025-05,7,PLT-06,PRD-01,166.3,181468.64,107.1,0,0
2025-05,7,PLT-06,PRD-02,308.96,382149.17,79.6,0,0
2025-05,7,PLT-06,PRD-03,246.82,203524.45,115.8,0,0
2025-05,7,PLT-06,PRD-04,314.45,231025.3,122.0,0,0
2025-05,7,PLT-06,PRD-05,159.94,298475.74,130.8,0,0
2025-05,7,PLT-06,PRD-06,487.84,1022308.44,178.0,1,0
2025-05,7,PLT-06,PRD-07,123.53,2795527.02,74.6,0,0
2025-05,7,PLT-06,PRD-08,599.1,858033.83,127.8,0,0
2025-05,7,PLT-06,PRD-09,430.76,699728.57,130.0,0,0
2025-05,7,PLT-06,PRD-10,316.65,242460.77,25.4,0,0
2025-05,7,PLT-06,PRD-11,344.54,355672.49,19.5,0,0
2025-05,7,PLT-06,PRD-12,549.65,490728.42,47.8,0,0
2025-06,8,PLT-01,PRD-01,462.19,504342.92,109.8,0,0
2025-06,8,PLT-01,PRD-02,384.24,475267.84,122.9,0,0
2025-06,8,PLT-01,PRD-03,346.37,285614.89,25.7,0,0
2025-06,8,PLT-01,PRD-04,430.04,315947.45,19.5,0,0
2025-06,8,PLT-01,PRD-05,250.03,466612.54,146.5,0,0
2025-06,8,PLT-01,PRD-06,178.66,374396.15,76.2,0,0
2025-06,8,PLT-01,PRD-07,501.15,11340997.5,148.8,0,0
2025-06,8,PLT-01,PRD-08,155.31,222430.52,80.5,0,0
2025-06,8,PLT-01,PRD-09,297.15,482695.0,87.7,0,0
2025-06,8,PLT-01,PRD-10,167.4,128180.41,171.6,1,0
2025-06,8,PLT-01,PRD-11,416.02,429452.62,96.1,0,0
2025-06,8,PLT-01,PRD-12,627.47,560201.45,50.8,0,0
2025-06,8,PLT-02,PRD-01,604.53,659668.43,90.8,0,0
2025-06,8,PLT-02,PRD-02,472.72,584708.37,14.5,0,0
2025-06,8,PLT-02,PRD-03,683.2,563366.93,106.0,0,0
2025-06,8,PLT-02,PRD-04,688.11,505555.61,129.6,0,0
2025-06,8,PLT-02,PRD-05,259.25,483807.68,82.3,0,0
2025-06,8,PLT-02,PRD-06,535.85,1122926.96,76.3,0,0
2025-06,8,PLT-02,PRD-07,447.3,10122368.13,90.8,0,0
2025-06,8,PLT-02,PRD-08,178.92,256243.6,13.4,0,0
2025-06,8,PLT-02,PRD-09,269.5,437768.45,10.4,0,0
2025-06,8,PLT-02,PRD-10,477.84,365878.5,125.9,0,0
2025-06,8,PLT-02,PRD-11,601.05,620458.99,183.4,1,0
2025-06,8,PLT-02,PRD-12,459.7,410423.42,173.5,1,0
2025-06,8,PLT-03,PRD-01,407.81,445000.87,35.1,0,0
2025-06,8,PLT-03,PRD-02,505.91,625759.15,103.5,0,0
2025-06,8,PLT-03,PRD-03,516.39,425813.14,31.2,0,0
2025-06,8,PLT-03,PRD-04,574.07,421772.26,180.6,1,0
2025-06,8,PLT-03,PRD-05,148.69,277492.65,68.8,0,0
2025-06,8,PLT-03,PRD-06,319.27,669068.78,10.5,0,0
2025-06,8,PLT-03,PRD-07,565.46,12796368.16,132.8,0,0
2025-06,8,PLT-03,PRD-08,198.35,284081.4,172.2,1,0
2025-06,8,PLT-03,PRD-09,254.2,412916.6,128.4,0,0
2025-06,8,PLT-03,PRD-10,358.88,274797.67,188.6,1,0
2025-06,8,PLT-03,PRD-11,481.97,497540.26,37.3,0,0
2025-06,8,PLT-03,PRD-12,256.69,229171.27,171.3,1,0
2025-06,8,PLT-04,PRD-01,625.98,683064.34,123.3,0,0
2025-06,8,PLT-04,PRD-02,390.48,482982.5,81.3,0,0
2025-06,8,PLT-04,PRD-03,190.23,156864.69,19.0,0,0
2025-06,8,PLT-04,PRD-04,524.8,385568.3,161.8,1,0
2025-06,8,PLT-04,PRD-05,690.82,1289201.71,25.0,0,0
2025-06,8,PLT-04,PRD-06,538.68,1128864.51,77.0,0,0
2025-06,8,PLT-04,PRD-07,376.04,8509785.1,132.7,0,0
2025-06,8,PLT-04,PRD-08,194.95,279201.05,105.1,0,0
2025-06,8,PLT-04,PRD-09,599.83,974366.24,168.3,1,0
2025-06,8,PLT-04,PRD-10,656.83,502933.12,183.4,1,0
2025-06,8,PLT-04,PRD-11,582.86,601687.07,160.0,1,0
2025-06,8,PLT-04,PRD-12,157.0,140168.99,83.8,0,0
2025-06,8,PLT-05,PRD-01,213.29,232743.91,129.0,0,0
2025-06,8,PLT-05,PRD-02,709.08,877064.64,160.2,1,0
2025-06,8,PLT-05,PRD-03,575.46,474526.21,188.3,1,0
2025-06,8,PLT-05,PRD-04,568.56,417719.0,244.0,1,0
2025-06,8,PLT-05,PRD-05,295.13,550772.84,60.0,0,0
2025-06,8,PLT-05,PRD-06,446.07,934779.52,25.5,0,0
2025-06,8,PLT-05,PRD-07,511.34,11571630.89,152.4,1,0
2025-06,8,PLT-05,PRD-08,581.4,832677.06,100.9,0,0
2025-06,8,PLT-05,PRD-09,573.27,931226.71,264.8,1,0
2025-06,8,PLT-05,PRD-10,513.72,393351.99,123.3,0,0
2025-06,8,PLT-05,PRD-11,197.99,204387.73,201.1,1,0
2025-06,8,PLT-05,PRD-12,675.63,603199.87,109.8,0,0
2025-06,8,PLT-06,PRD-01,347.88,379612.03,175.7,1,0
2025-06,8,PLT-06,PRD-02,316.53,391519.57,56.9,0,0
2025-06,8,PLT-06,PRD-03,359.21,296206.84,91.2,0,0
2025-06,8,PLT-06,PRD-04,567.93,417258.77,140.7,0,0
2025-06,8,PLT-06,PRD-05,114.21,213134.23,71.8,0,0
2025-06,8,PLT-06,PRD-06,160.46,336264.11,124.5,0,0
2025-06,8,PLT-06,PRD-07,488.08,11045321.24,102.8,0,0
2025-06,8,PLT-06,PRD-08,574.05,822155.71,89.5,0,0
2025-06,8,PLT-06,PRD-09,365.83,594248.54,155.3,1,0
2025-06,8,PLT-06,PRD-10,153.61,117622.82,17.7,0,0
2025-06,8,PLT-06,PRD-11,396.72,409533.07,133.9,0,0
2025-06,8,PLT-06,PRD-12,194.41,173573.33,151.0,1,0
2025-07,9,PLT-01,PRD-01,256.97,280402.19,152.5,1,0
2025-07,9,PLT-01,PRD-02,549.57,679766.95,81.4,0,0
2025-07,9,PLT-01,PRD-03,271.3,223712.7,98.7,0,0
2025-07,9,PLT-01,PRD-04,560.25,411618.67,77.9,0,0
2025-07,9,PLT-01,PRD-05,513.12,957592.23,15.2,0,0
2025-07,9,PLT-01,PRD-06,522.36,1094667.89,92.2,0,0
2025-07,9,PLT-01,PRD-07,252.56,5715329.29,92.1,0,0
2025-07,9,PLT-01,PRD-08,308.5,441828.73,140.4,0,0
2025-07,9,PLT-01,PRD-09,472.69,767841.05,55.0,0,0
2025-07,9,PLT-01,PRD-10,565.14,432730.03,62.9,0,0
2025-07,9,PLT-01,PRD-11,330.76,341439.41,135.0,0,0
2025-07,9,PLT-01,PRD-12,161.85,144499.83,86.5,0,0
2025-07,9,PLT-02,PRD-01,596.16,650532.16,48.2,0,0
2025-07,9,PLT-02,PRD-02,462.64,572238.28,29.2,0,0
2025-07,9,PLT-02,PRD-03,370.72,305695.16,170.3,1,0
2025-07,9,PLT-02,PRD-04,175.74,129116.79,157.3,1,0
2025-07,9,PLT-02,PRD-05,193.67,361429.89,74.3,0,0
2025-07,9,PLT-02,PRD-06,469.84,984587.19,15.3,0,0
2025-07,9,PLT-02,PRD-07,390.94,8847021.09,45.9,0,0
2025-07,9,PLT-02,PRD-08,556.24,796647.1,101.1,0,0
2025-07,9,PLT-02,PRD-09,563.97,916117.01,156.9,1,0
2025-07,9,PLT-02,PRD-10,480.98,368284.71,116.5,0,0
2025-07,9,PLT-02,PRD-11,640.98,661681.22,120.0,0,0
2025-07,9,PLT-02,PRD-12,243.29,217205.6,21.8,0,0
2025-07,9,PLT-03,PRD-01,243.86,266098.28,34.0,0,0
2025-07,9,PLT-03,PRD-02,191.32,236644.36,147.8,0,0
2025-07,9,PLT-03,PRD-03,206.59,170356.42,87.1,0,0
2025-07,9,PLT-03,PRD-04,421.58,309736.6,155.9,1,0
2025-07,9,PLT-03,PRD-05,390.61,728950.59,64.5,0,0
2025-07,9,PLT-03,PRD-06,347.06,727298.86,63.6,0,0
2025-07,9,PLT-03,PRD-07,252.39,5711563.95,165.6,1,0
2025-07,9,PLT-03,PRD-08,178.27,255315.76,141.1,0,0
2025-07,9,PLT-03,PRD-09,131.22,213157.2,30.8,0,0
2025-07,9,PLT-03,PRD-10,161.36,123550.64,74.4,0,0
2025-07,9,PLT-03,PRD-11,131.26,135503.83,80.4,0,0
2025-07,9,PLT-03,PRD-12,226.45,202171.63,22.1,0,0
2025-07,9,PLT-04,PRD-01,186.94,203993.74,105.1,0,0
2025-07,9,PLT-04,PRD-02,380.77,470970.01,59.7,0,0
2025-07,9,PLT-04,PRD-03,302.07,249089.91,171.2,1,0
2025-07,9,PLT-04,PRD-04,440.18,323403.3,152.1,1,0
2025-07,9,PLT-04,PRD-05,637.69,1190062.45,157.1,1,0
2025-07,9,PLT-04,PRD-06,425.61,891901.21,115.8,0,0
2025-07,9,PLT-04,PRD-07,340.8,7712315.44,45.0,0,0
2025-07,9,PLT-04,PRD-08,361.36,517545.3,24.8,0,0
2025-07,9,PLT-04,PRD-09,428.35,695804.58,21.3,0,0
2025-07,9,PLT-04,PRD-10,453.57,347298.44,39.6,0,0
2025-07,9,PLT-04,PRD-11,437.52,451654.62,35.8,0,0
2025-07,9,PLT-04,PRD-12,240.28,214519.36,120.6,0,0
2025-07,9,PLT-05,PRD-01,168.79,184178.97,24.1,0,0
2025-07,9,PLT-05,PRD-02,350.46,433485.99,25.5,0,0
2025-07,9,PLT-05,PRD-03,698.88,576299.07,66.4,0,0
2025-07,9,PLT-05,PRD-04,521.45,383108.99,212.5,1,0
2025-07,9,PLT-05,PRD-05,185.21,345629.58,199.7,1,0
2025-07,9,PLT-05,PRD-06,280.5,587818.1,233.1,1,0
2025-07,9,PLT-05,PRD-07,357.73,8095469.33,242.3,1,0
2025-07,9,PLT-05,PRD-08,639.29,915590.92,75.6,0,0
2025-07,9,PLT-05,PRD-09,629.99,1023354.22,29.3,0,0
2025-07,9,PLT-05,PRD-10,236.13,180804.77,238.9,1,0
2025-07,9,PLT-05,PRD-11,490.69,506535.12,207.8,1,0
2025-07,9,PLT-05,PRD-12,540.21,482297.67,57.0,0,0
2025-07,9,PLT-06,PRD-01,131.12,143079.45,123.4,0,0
2025-07,9,PLT-06,PRD-02,320.35,396242.38,11.3,0,0
2025-07,9,PLT-06,PRD-03,222.48,183460.82,171.1,1,0
2025-07,9,PLT-06,PRD-04,159.37,117088.81,54.4,0,0
2025-07,9,PLT-06,PRD-05,337.57,629982.1,43.4,0,0
2025-07,9,PLT-06,PRD-06,469.24,983344.95,46.6,0,0
2025-07,9,PLT-06,PRD-07,447.92,10136329.01,187.6,1,0
2025-07,9,PLT-06,PRD-08,313.74,449336.93,149.0,0,0
2025-07,9,PLT-06,PRD-09,155.89,253220.98,65.0,0,0
2025-07,9,PLT-06,PRD-10,207.85,159153.99,59.9,0,0
2025-07,9,PLT-06,PRD-11,405.42,418519.5,34.3,0,0
2025-07,9,PLT-06,PRD-12,146.22,130549.34,123.4,0,0
2025-08,10,PLT-01,PRD-01,477.41,520954.04,13.6,0,0
2025-08,10,PLT-01,PRD-02,262.62,324838.63,56.7,0,0
2025-08,10,PLT-01,PRD-03,463.45,382164.11,93.7,0,0
2025-08,10,PLT-01,PRD-04,180.32,132480.65,138.4,0,0
2025-08,10,PLT-01,PRD-05,498.32,929967.38,30.6,0,0
2025-08,10,PLT-01,PRD-06,165.93,347728.02,108.5,0,0
2025-08,10,PLT-01,PRD-07,301.96,6833458.73,30.2,0,0
2025-08,10,PLT-01,PRD-08,624.22,894014.21,112.5,0,0
2025-08,10,PLT-01,PRD-09,263.24,427599.79,79.5,0,0
2025-08,10,PLT-01,PRD-10,239.35,183273.9,133.1,0,0
2025-08,10,PLT-01,PRD-11,433.68,447691.92,75.3,0,0
2025-08,10,PLT-01,PRD-12,562.18,501910.71,158.8,1,0
2025-08,10,PLT-02,PRD-01,397.13,433350.45,12.8,0,0
2025-08,10,PLT-02,PRD-02,703.39,870017.0,129.3,0,0
2025-08,10,PLT-02,PRD-03,335.64,276771.68,153.8,1,0
2025-08,10,PLT-02,PRD-04,472.1,346853.91,21.3,0,0
2025-08,10,PLT-02,PRD-05,375.24,700269.01,46.7,0,0
2025-08,10,PLT-02,PRD-06,662.92,1389212.72,46.6,0,0
2025-08,10,PLT-02,PRD-07,633.61,14338623.51,98.3,0,0
2025-08,10,PLT-02,PRD-08,781.99,1119966.4,86.9,0,0
2025-08,10,PLT-02,PRD-09,662.17,1075626.66,82.0,0,0
2025-08,10,PLT-02,PRD-10,766.8,587135.31,129.8,0,0
2025-08,10,PLT-02,PRD-11,311.78,321851.2,27.7,0,0
2025-08,10,PLT-02,PRD-12,405.24,361800.75,89.9,0,0
2025-08,10,PLT-03,PRD-01,176.39,192479.86,49.9,0,0
2025-08,10,PLT-03,PRD-02,196.95,243610.72,51.7,0,0
2025-08,10,PLT-03,PRD-03,441.88,364377.32,63.2,0,0
2025-08,10,PLT-03,PRD-04,340.62,250251.8,183.4,1,0
2025-08,10,PLT-03,PRD-05,545.64,1018277.94,173.8,1,0
2025-08,10,PLT-03,PRD-06,340.25,713019.46,74.5,0,0
2025-08,10,PLT-03,PRD-07,272.92,6176102.42,84.6,0,0
2025-08,10,PLT-03,PRD-08,467.4,669407.39,64.4,0,0
2025-08,10,PLT-03,PRD-09,515.2,836890.39,125.1,0,0
2025-08,10,PLT-03,PRD-10,161.21,123435.85,96.7,0,0
2025-08,10,PLT-03,PRD-11,507.76,524158.8,64.8,0,0
2025-08,10,PLT-03,PRD-12,442.98,395491.41,140.4,0,0
2025-08,10,PLT-04,PRD-01,506.75,552967.05,142.0,0,0
2025-08,10,PLT-04,PRD-02,193.37,239174.28,144.1,0,0
2025-08,10,PLT-04,PRD-03,509.21,419890.78,68.1,0,0
2025-08,10,PLT-04,PRD-04,675.16,496043.05,112.8,0,0
2025-08,10,PLT-04,PRD-05,241.78,451212.46,21.5,0,0
2025-08,10,PLT-04,PRD-06,332.42,696624.17,73.4,0,0
2025-08,10,PLT-04,PRD-07,442.34,10010170.06,43.3,0,0
2025-08,10,PLT-04,PRD-08,397.12,568749.64,99.6,0,0
2025-08,10,PLT-04,PRD-09,689.91,1120686.7,110.7,0,0
2025-08,10,PLT-04,PRD-10,695.24,532347.76,74.1,0,0
2025-08,10,PLT-04,PRD-11,232.06,239550.46,54.8,0,0
2025-08,10,PLT-04,PRD-12,448.81,400700.38,163.7,1,0
2025-08,10,PLT-05,PRD-01,147.58,161043.71,81.9,0,0
2025-08,10,PLT-05,PRD-02,572.07,707594.07,127.8,0,0
2025-08,10,PLT-05,PRD-03,602.06,496455.47,243.8,1,0
2025-08,10,PLT-05,PRD-04,576.92,423861.54,259.6,1,0
2025-08,10,PLT-05,PRD-05,741.54,1383863.76,55.0,0,0
2025-08,10,PLT-05,PRD-06,288.4,604368.42,264.4,1,0
2025-08,10,PLT-05,PRD-07,503.13,11385939.73,127.5,0,0
2025-08,10,PLT-05,PRD-08,258.55,370293.06,100.2,0,0
2025-08,10,PLT-05,PRD-09,591.49,960821.61,206.4,1,0
2025-08,10,PLT-05,PRD-10,401.26,307240.97,86.4,0,0
2025-08,10,PLT-05,PRD-11,704.94,727709.49,265.0,1,0
2025-08,10,PLT-05,PRD-12,505.05,450909.64,120.2,0,0
2025-08,10,PLT-06,PRD-01,307.39,335426.99,97.9,0,0
2025-08,10,PLT-06,PRD-02,243.87,301648.02,12.1,0,0
2025-08,10,PLT-06,PRD-03,231.66,191029.84,72.6,0,0
2025-08,10,PLT-06,PRD-04,299.75,220226.77,169.6,1,0
2025-08,10,PLT-06,PRD-05,317.35,592237.44,163.9,1,0
2025-08,10,PLT-06,PRD-06,297.36,623155.24,45.9,0,0
2025-08,10,PLT-06,PRD-07,295.76,6692978.04,19.3,0,0
2025-08,10,PLT-06,PRD-08,220.42,315691.99,95.1,0,0
2025-08,10,PLT-06,PRD-09,169.27,274957.05,45.4,0,0
2025-08,10,PLT-06,PRD-10,478.33,366259.14,99.5,0,0
2025-08,10,PLT-06,PRD-11,547.5,565187.73,124.9,0,0
2025-08,10,PLT-06,PRD-12,505.79,451566.13,71.5,0,0
2025-09,11,PLT-01,PRD-01,187.78,204904.42,90.0,0,0
2025-09,11,PLT-01,PRD-02,407.75,504342.53,42.5,0,0
2025-09,11,PLT-01,PRD-03,146.04,120420.56,91.0,0,0
2025-09,11,PLT-01,PRD-04,147.16,108120.55,29.7,0,0
2025-09,11,PLT-01,PRD-05,387.32,722816.79,189.9,1,0
2025-09,11,PLT-01,PRD-06,494.91,1037132.64,40.3,0,0
2025-09,11,PLT-01,PRD-07,439.66,9949529.77,55.0,0,0
2025-09,11,PLT-01,PRD-08,340.5,487661.54,83.5,0,0
2025-09,11,PLT-01,PRD-09,193.92,314995.68,177.1,1,0
2025-09,11,PLT-01,PRD-10,424.45,325000.48,79.4,0,0
2025-09,11,PLT-01,PRD-11,330.95,341640.5,180.2,1,0
2025-09,11,PLT-01,PRD-12,333.48,297734.06,88.7,0,0
2025-09,11,PLT-02,PRD-01,253.73,276868.98,57.2,0,0
2025-09,11,PLT-02,PRD-02,754.08,932723.12,95.0,0,0
2025-09,11,PLT-02,PRD-03,263.35,217161.56,177.4,1,0
2025-09,11,PLT-02,PRD-04,711.74,522916.63,159.1,1,0
2025-09,11,PLT-02,PRD-05,669.88,1250121.61,153.9,1,0
2025-09,11,PLT-02,PRD-06,659.35,1381723.88,27.0,0,0
2025-09,11,PLT-02,PRD-07,217.96,4932475.03,45.0,0,0
2025-09,11,PLT-02,PRD-08,153.15,219338.9,15.9,0,0
2025-09,11,PLT-02,PRD-09,164.18,266696.87,79.4,0,0
2025-09,11,PLT-02,PRD-10,374.13,286468.31,171.8,1,0
2025-09,11,PLT-02,PRD-11,348.92,360190.62,98.5,0,0
2025-09,11,PLT-02,PRD-12,774.48,691458.05,133.9,0,0
2025-09,11,PLT-03,PRD-01,108.73,118641.33,134.7,0,0
2025-09,11,PLT-03,PRD-02,126.68,156688.7,123.8,0,0
2025-09,11,PLT-03,PRD-03,212.17,174951.75,118.8,0,0
2025-09,11,PLT-03,PRD-04,209.67,154046.35,32.5,0,0
2025-09,11,PLT-03,PRD-05,430.05,802559.18,171.8,1,0
2025-09,11,PLT-03,PRD-06,526.8,1103951.81,172.9,1,0
2025-09,11,PLT-03,PRD-07,177.13,4008499.3,108.2,0,0
2025-09,11,PLT-03,PRD-08,533.01,763372.78,108.3,0,0
2025-09,11,PLT-03,PRD-09,354.86,576433.17,28.9,0,0
2025-09,11,PLT-03,PRD-10,336.59,257725.23,160.3,1,0
2025-09,11,PLT-03,PRD-11,253.0,261169.66,148.7,0,0
2025-09,11,PLT-03,PRD-12,313.65,280026.75,11.1,0,0
2025-09,11,PLT-04,PRD-01,559.41,610427.66,55.5,0,0
2025-09,11,PLT-04,PRD-02,449.42,555888.18,61.3,0,0
2025-09,11,PLT-04,PRD-03,180.38,148738.96,33.7,0,0
2025-09,11,PLT-04,PRD-04,574.87,422360.53,129.0,0,0
2025-09,11,PLT-04,PRD-05,298.29,556678.05,42.0,0,0
2025-09,11,PLT-04,PRD-06,446.25,935153.9,64.2,0,0
2025-09,11,PLT-04,PRD-07,286.65,6486835.12,53.1,0,0
2025-09,11,PLT-04,PRD-08,552.04,790634.3,120.9,0,0
2025-09,11,PLT-04,PRD-09,324.98,527905.08,121.5,0,0
2025-09,11,PLT-04,PRD-10,182.63,139841.76,27.7,0,0
2025-09,11,PLT-04,PRD-11,315.91,326116.71,149.7,0,0
2025-09,11,PLT-04,PRD-12,480.97,429412.98,44.5,0,0
2025-09,11,PLT-05,PRD-01,351.72,383793.73,181.6,1,0
2025-09,11,PLT-05,PRD-02,184.97,228792.03,15.3,0,0
2025-09,11,PLT-05,PRD-03,739.11,609470.44,59.3,0,0
2025-09,11,PLT-05,PRD-04,620.03,455534.36,127.2,0,0
2025-09,11,PLT-05,PRD-05,371.98,694198.16,150.0,1,0
2025-09,11,PLT-05,PRD-06,310.82,651358.1,151.4,1,0
2025-09,11,PLT-05,PRD-07,594.03,13442825.89,101.2,0,0
2025-09,11,PLT-05,PRD-08,189.22,271006.12,222.2,1,0
2025-09,11,PLT-05,PRD-09,709.66,1152769.63,177.6,1,0
2025-09,11,PLT-05,PRD-10,730.62,559437.2,135.1,0,0
2025-09,11,PLT-05,PRD-11,336.33,347194.78,197.2,1,0
2025-09,11,PLT-05,PRD-12,414.8,370337.86,60.1,0,0
2025-09,11,PLT-06,PRD-01,607.26,662638.75,177.1,1,0
2025-09,11,PLT-06,PRD-02,486.77,602080.81,86.4,0,0
2025-09,11,PLT-06,PRD-03,556.24,458676.07,116.4,0,0
2025-09,11,PLT-06,PRD-04,405.97,298265.84,107.5,0,0
2025-09,11,PLT-06,PRD-05,363.0,677430.03,27.7,0,0
2025-09,11,PLT-06,PRD-06,371.68,778897.39,79.5,0,0
2025-09,11,PLT-06,PRD-07,412.14,9326735.11,28.0,0,0
2025-09,11,PLT-06,PRD-08,596.38,854138.4,114.5,0,0
2025-09,11,PLT-06,PRD-09,528.44,858405.2,49.7,0,0
2025-09,11,PLT-06,PRD-10,374.08,286430.51,13.2,0,0
2025-09,11,PLT-06,PRD-11,441.84,456110.07,184.4,1,0
2025-09,11,PLT-06,PRD-12,587.48,524500.22,18.1,0,0
2025-10,12,PLT-01,PRD-01,258.88,282484.68,13.2,0,0
2025-10,12,PLT-01,PRD-02,473.31,585439.05,55.8,0,0
2025-10,12,PLT-01,PRD-03,595.51,491057.06,40.6,0,0
2025-10,12,PLT-01,PRD-04,452.72,332616.04,41.8,0,0
2025-10,12,PLT-01,PRD-05,488.78,912159.53,181.1,1,0
2025-10,12,PLT-01,PRD-06,263.92,553067.94,15.6,0,0
2025-10,12,PLT-01,PRD-07,524.36,11866270.57,122.9,0,0
2025-10,12,PLT-01,PRD-08,344.63,493584.18,131.7,0,0
2025-10,12,PLT-01,PRD-09,462.31,750983.18,157.0,1,0
2025-10,12,PLT-01,PRD-10,546.25,418265.2,147.8,0,0
2025-10,12,PLT-01,PRD-11,639.27,659917.96,25.2,0,0
2025-10,12,PLT-01,PRD-12,451.91,403469.4,185.5,1,0
2025-10,12,PLT-02,PRD-01,570.26,622264.43,173.1,1,0
2025-10,12,PLT-02,PRD-02,294.38,364114.62,47.7,0,0
2025-10,12,PLT-02,PRD-03,421.7,347730.56,121.6,0,0
2025-10,12,PLT-02,PRD-04,166.23,122127.12,35.8,0,0
2025-10,12,PLT-02,PRD-05,761.62,1421331.5,16.8,0,0
2025-10,12,PLT-02,PRD-06,274.58,575407.79,27.1,0,0
2025-10,12,PLT-02,PRD-07,306.87,6944468.46,131.2,0,0
2025-10,12,PLT-02,PRD-08,551.78,790255.37,65.2,0,0
2025-10,12,PLT-02,PRD-09,305.76,496682.47,120.8,0,0
2025-10,12,PLT-02,PRD-10,408.48,312775.49,80.0,0,0
2025-10,12,PLT-02,PRD-11,759.59,784119.61,74.4,0,0
2025-10,12,PLT-02,PRD-12,663.6,592460.45,82.3,0,0
2025-10,12,PLT-03,PRD-01,518.94,566268.73,111.7,0,0
2025-10,12,PLT-03,PRD-02,379.58,469506.72,17.9,0,0
2025-10,12,PLT-03,PRD-03,200.49,165319.98,130.1,0,0
2025-10,12,PLT-03,PRD-04,497.24,365322.21,82.3,0,0
2025-10,12,PLT-03,PRD-05,176.09,328610.17,158.3,1,0
2025-10,12,PLT-03,PRD-06,167.3,350604.12,37.5,0,0
2025-10,12,PLT-03,PRD-07,429.63,9722480.27,19.4,0,0
2025-10,12,PLT-03,PRD-08,392.7,562419.28,189.9,1,0
2025-10,12,PLT-03,PRD-09,183.04,297323.74,169.4,1,0
2025-10,12,PLT-03,PRD-10,350.52,268395.15,55.1,0,0
2025-10,12,PLT-03,PRD-11,493.68,509623.89,58.0,0,0
2025-10,12,PLT-03,PRD-12,537.51,479889.65,161.7,1,0
2025-10,12,PLT-04,PRD-01,238.16,259876.88,162.7,1,0
2025-10,12,PLT-04,PRD-02,474.9,587406.59,95.7,0,0
2025-10,12,PLT-04,PRD-03,304.22,250857.92,37.0,0,0
2025-10,12,PLT-04,PRD-04,453.12,332910.76,106.8,0,0
2025-10,12,PLT-04,PRD-05,532.16,993123.82,157.4,1,0
2025-10,12,PLT-04,PRD-06,274.04,574276.89,22.1,0,0
2025-10,12,PLT-04,PRD-07,288.83,6536213.99,11.8,0,0
2025-10,12,PLT-04,PRD-08,641.66,918984.87,97.9,0,0
2025-10,12,PLT-04,PRD-09,233.52,379331.77,164.4,1,0
2025-10,12,PLT-04,PRD-10,172.12,131789.95,50.9,0,0
2025-10,12,PLT-04,PRD-11,166.93,172325.96,82.4,0,0
2025-10,12,PLT-04,PRD-12,376.28,335943.96,22.0,0,0
2025-10,12,PLT-05,PRD-01,354.68,387031.63,136.6,0,0
2025-10,12,PLT-05,PRD-02,695.27,859982.47,27.9,0,0
2025-10,12,PLT-05,PRD-03,632.81,521814.61,172.7,1,0
2025-10,12,PLT-05,PRD-04,480.46,352996.67,34.0,0,0
2025-10,12,PLT-05,PRD-05,422.55,788559.77,44.0,0,0
2025-10,12,PLT-05,PRD-06,598.26,1253709.33,260.9,1,0
2025-10,12,PLT-05,PRD-07,280.68,6351680.94,219.8,1,0
2025-10,12,PLT-05,PRD-08,626.65,897491.72,128.7,0,0
2025-10,12,PLT-05,PRD-09,676.04,1098160.72,43.2,0,0
2025-10,12,PLT-05,PRD-10,247.81,189744.61,17.7,0,0
2025-10,12,PLT-05,PRD-11,143.44,148071.19,90.5,0,0
2025-10,12,PLT-05,PRD-12,362.94,324036.82,264.9,1,0
2025-10,12,PLT-06,PRD-01,454.95,496438.0,66.3,0,0
2025-10,12,PLT-06,PRD-02,591.78,731969.35,168.4,1,0
2025-10,12,PLT-06,PRD-03,498.59,411133.66,179.0,1,0
2025-10,12,PLT-06,PRD-04,520.95,382740.35,170.5,1,0
2025-10,12,PLT-06,PRD-05,204.81,382213.49,113.5,0,0
2025-10,12,PLT-06,PRD-06,524.24,1098600.48,16.4,0,0
2025-10,12,PLT-06,PRD-07,508.41,11505240.67,159.8,1,0
2025-10,12,PLT-06,PRD-08,519.81,744469.78,47.0,0,0
2025-10,12,PLT-06,PRD-09,560.85,911038.5,189.6,1,0
2025-10,12,PLT-06,PRD-10,544.94,417261.35,75.1,0,0
2025-10,12,PLT-06,PRD-11,168.75,174198.9,94.9,0,0
2025-10,12,PLT-06,PRD-12,410.54,366527.18,38.0,0,0
2025-11,13,PLT-01,PRD-01,159.0,173502.16,150.4,1,0
2025-11,13,PLT-01,PRD-02,249.22,308254.85,114.4,0,0
2025-11,13,PLT-01,PRD-03,493.17,406664.1,145.6,0,0
2025-11,13,PLT-01,PRD-04,255.67,187842.84,117.2,0,0
2025-11,13,PLT-01,PRD-05,366.92,684753.61,123.7,0,0
2025-11,13,PLT-01,PRD-06,548.56,1149555.81,64.5,0,0
2025-11,13,PLT-01,PRD-07,248.67,5627377.79,167.4,1,0
2025-11,13,PLT-01,PRD-08,319.65,457802.94,104.9,0,0
2025-11,13,PLT-01,PRD-09,287.57,467123.79,18.0,0,0
2025-11,13,PLT-01,PRD-10,451.46,345685.38,80.8,0,0
2025-11,13,PLT-01,PRD-11,430.27,444163.9,122.9,0,0
2025-11,13,PLT-01,PRD-12,377.31,336859.28,124.5,0,0
2025-11,13,PLT-02,PRD-01,569.31,621231.64,76.9,0,0
2025-11,13,PLT-02,PRD-02,660.27,816684.18,45.4,0,0
2025-11,13,PLT-02,PRD-03,573.16,472625.92,156.2,1,0
2025-11,13,PLT-02,PRD-04,447.66,328898.22,155.2,1,0
2025-11,13,PLT-02,PRD-05,417.57,779261.01,126.2,0,0
2025-11,13,PLT-02,PRD-06,337.38,707013.52,131.6,0,0
2025-11,13,PLT-02,PRD-07,605.31,13698218.12,166.7,1,0
2025-11,13,PLT-02,PRD-08,184.36,264043.69,111.8,0,0
2025-11,13,PLT-02,PRD-09,476.64,774247.96,168.3,1,0
2025-11,13,PLT-02,PRD-10,655.05,501571.13,137.2,0,0
2025-11,13,PLT-02,PRD-11,471.76,487000.83,36.3,0,0
2025-11,13,PLT-02,PRD-12,793.79,708698.51,72.9,0,0
2025-11,13,PLT-03,PRD-01,358.84,391562.78,10.5,0,0
2025-11,13,PLT-03,PRD-02,173.99,215210.99,151.2,1,0
2025-11,13,PLT-03,PRD-03,155.78,128459.66,90.2,0,0
2025-11,13,PLT-03,PRD-04,274.74,201854.02,166.2,1,0
2025-11,13,PLT-03,PRD-05,297.91,555960.06,73.4,0,0
2025-11,13,PLT-03,PRD-06,160.85,337086.52,60.9,0,0
2025-11,13,PLT-03,PRD-07,491.51,11122976.86,152.0,1,0
2025-11,13,PLT-03,PRD-08,360.18,515848.68,138.7,0,0
2025-11,13,PLT-03,PRD-09,405.86,659286.69,32.0,0,0
2025-11,13,PLT-03,PRD-10,470.8,360495.1,182.1,1,0
2025-11,13,PLT-03,PRD-11,498.76,514871.68,145.1,0,0
2025-11,13,PLT-03,PRD-12,161.25,143963.61,11.3,0,0
2025-11,13,PLT-04,PRD-01,377.45,411874.13,48.5,0,0
2025-11,13,PLT-04,PRD-02,653.33,808100.23,37.5,0,0
2025-11,13,PLT-04,PRD-03,442.23,364664.77,137.7,0,0
2025-11,13,PLT-04,PRD-04,575.58,422876.92,82.2,0,0
2025-11,13,PLT-04,PRD-05,470.0,877111.84,32.7,0,0
2025-11,13,PLT-04,PRD-06,242.65,508506.67,24.8,0,0
2025-11,13,PLT-04,PRD-07,151.33,3424635.41,76.0,0,0
2025-11,13,PLT-04,PRD-08,624.67,894653.5,32.0,0,0
2025-11,13,PLT-04,PRD-09,174.18,282940.95,165.9,1,0
2025-11,13,PLT-04,PRD-10,272.91,208967.1,154.6,1,0
2025-11,13,PLT-04,PRD-11,268.94,277624.89,16.4,0,0
2025-11,13,PLT-04,PRD-12,703.08,627708.39,52.2,0,0
2025-11,13,PLT-05,PRD-01,183.76,200519.22,190.9,1,0
2025-11,13,PLT-05,PRD-02,688.18,851207.13,93.4,0,0
2025-11,13,PLT-05,PRD-03,527.61,435068.78,143.1,0,0
2025-11,13,PLT-05,PRD-04,382.17,280777.54,45.9,0,0
2025-11,13,PLT-05,PRD-05,407.66,760778.66,241.2,1,0
2025-11,13,PLT-05,PRD-06,372.76,781161.37,115.1,0,0
2025-11,13,PLT-05,PRD-07,596.28,13493854.97,172.2,1,0
2025-11,13,PLT-05,PRD-08,615.15,881015.04,265.6,1,0
2025-11,13,PLT-05,PRD-09,297.95,483994.03,240.2,1,0
2025-11,13,PLT-05,PRD-10,551.8,422513.73,186.0,1,0
2025-11,13,PLT-05,PRD-11,323.19,333625.91,94.0,0,0
2025-11,13,PLT-05,PRD-12,304.32,271694.48,211.2,1,0
2025-11,13,PLT-06,PRD-01,142.52,155520.18,99.6,0,0
2025-11,13,PLT-06,PRD-02,272.13,336600.5,40.9,0,0
2025-11,13,PLT-06,PRD-03,406.23,334974.91,175.4,1,0
2025-11,13,PLT-06,PRD-04,410.74,301772.92,52.2,0,0
2025-11,13,PLT-06,PRD-05,173.46,323713.31,88.5,0,0
2025-11,13,PLT-06,PRD-06,339.7,711873.64,128.5,0,0
2025-11,13,PLT-06,PRD-07,150.92,3415361.4,26.2,0,0
2025-11,13,PLT-06,PRD-08,400.13,573068.74,46.8,0,0
2025-11,13,PLT-06,PRD-09,342.73,556731.3,38.1,0,0
2025-11,13,PLT-06,PRD-10,601.15,460297.9,50.9,0,0
2025-11,13,PLT-06,PRD-11,591.45,610558.02,132.1,0,0
2025-11,13,PLT-06,PRD-12,509.12,454545.19,92.1,0,0
2025-12,14,PLT-01,PRD-01,424.46,463175.67,163.8,1,0
2025-12,14,PLT-01,PRD-02,511.7,632921.58,42.2,0,0
2025-12,14,PLT-01,PRD-03,387.21,319289.34,112.5,0,0
2025-12,14,PLT-01,PRD-04,466.62,342825.14,61.8,0,0
2025-12,14,PLT-01,PRD-05,465.53,868763.61,93.2,0,0
2025-12,14,PLT-01,PRD-06,279.62,585973.75,101.9,0,0
2025-12,14,PLT-01,PRD-07,384.43,8699661.39,72.3,0,0
2025-12,14,PLT-01,PRD-08,535.27,766609.49,189.8,1,0
2025-12,14,PLT-01,PRD-09,536.46,871422.46,17.7,0,0
2025-12,14,PLT-01,PRD-10,204.08,156260.47,116.5,0,0
2025-12,14,PLT-01,PRD-11,254.65,262875.51,82.4,0,0
2025-12,14,PLT-01,PRD-12,374.66,334492.11,90.7,0,0
2025-12,14,PLT-02,PRD-01,581.04,634032.0,178.4,1,0
2025-12,14,PLT-02,PRD-02,307.01,379741.86,157.4,1,0
2025-12,14,PLT-02,PRD-03,755.38,622883.54,64.4,0,0
2025-12,14,PLT-02,PRD-04,792.18,582012.61,103.7,0,0
2025-12,14,PLT-02,PRD-05,634.89,1184830.27,18.4,0,0
2025-12,14,PLT-02,PRD-06,748.43,1568418.8,17.6,0,0
2025-12,14,PLT-02,PRD-07,731.49,16553714.81,47.3,0,0
2025-12,14,PLT-02,PRD-08,250.42,358654.25,24.1,0,0
2025-12,14,PLT-02,PRD-09,743.78,1208194.59,142.0,0,0
2025-12,14,PLT-02,PRD-10,285.14,218333.66,159.2,1,0
2025-12,14,PLT-02,PRD-11,507.82,524222.98,57.7,0,0
2025-12,14,PLT-02,PRD-12,733.99,655302.3,45.9,0,0
2025-12,14,PLT-03,PRD-01,180.68,197161.33,84.4,0,0
2025-12,14,PLT-03,PRD-02,560.13,692819.94,142.1,0,0
2025-12,14,PLT-03,PRD-03,211.54,174437.21,96.0,0,0
2025-12,14,PLT-03,PRD-04,231.02,169729.69,64.7,0,0
2025-12,14,PLT-03,PRD-05,427.47,797741.18,48.2,0,0
2025-12,14,PLT-03,PRD-06,474.87,995137.73,15.5,0,0
2025-12,14,PLT-03,PRD-07,169.66,3839406.35,159.6,1,0
2025-12,14,PLT-03,PRD-08,238.43,341473.47,72.2,0,0
2025-12,14,PLT-03,PRD-09,460.52,748061.0,174.5,1,0
2025-12,14,PLT-03,PRD-10,247.92,189833.05,177.2,1,0
2025-12,14,PLT-03,PRD-11,138.91,143396.33,170.1,1,0
2025-12,14,PLT-03,PRD-12,520.29,464518.91,27.5,0,0
2025-12,14,PLT-04,PRD-01,251.91,274885.72,137.0,0,0
2025-12,14,PLT-04,PRD-02,625.52,773705.97,67.9,0,0
2025-12,14,PLT-04,PRD-03,199.91,164842.54,152.8,1,0
2025-12,14,PLT-04,PRD-04,267.3,196381.67,30.0,0,0
2025-12,14,PLT-04,PRD-05,606.92,1132627.75,172.1,1,0
2025-12,14,PLT-04,PRD-06,323.35,677618.26,166.7,1,0
2025-12,14,PLT-04,PRD-07,417.94,9457875.47,66.4,0,0
2025-12,14,PLT-04,PRD-08,530.88,760330.44,182.2,1,0
2025-12,14,PLT-04,PRD-09,542.86,881815.2,35.8,0,0
2025-12,14,PLT-04,PRD-10,458.51,351078.39,71.9,0,0
2025-12,14,PLT-04,PRD-11,506.84,523207.1,128.1,0,0
2025-12,14,PLT-04,PRD-12,679.42,606590.33,55.9,0,0
2025-12,14,PLT-05,PRD-01,544.46,594113.14,239.7,1,0
2025-12,14,PLT-05,PRD-02,425.27,526013.32,262.0,1,0
2025-12,14,PLT-05,PRD-03,588.51,485283.47,111.5,0,0
2025-12,14,PLT-05,PRD-04,235.01,172658.88,177.6,1,0
2025-12,14,PLT-05,PRD-05,355.17,662824.62,138.2,0,0
2025-12,14,PLT-05,PRD-06,443.72,929864.4,227.2,1,0
2025-12,14,PLT-05,PRD-07,563.59,12753938.75,240.2,1,0
2025-12,14,PLT-05,PRD-08,256.2,366927.48,153.9,1,0
2025-12,14,PLT-05,PRD-09,422.66,686571.8,218.3,1,0
2025-12,14,PLT-05,PRD-10,180.19,137970.94,119.6,0,0
2025-12,14,PLT-05,PRD-11,161.24,166450.73,176.9,1,0
2025-12,14,PLT-05,PRD-12,249.98,223178.22,191.9,1,0
2025-12,14,PLT-06,PRD-01,346.18,377755.47,163.6,1,0
2025-12,14,PLT-06,PRD-02,381.4,471757.34,52.4,0,0
2025-12,14,PLT-06,PRD-03,547.72,451653.61,73.7,0,0
2025-12,14,PLT-06,PRD-04,276.27,202977.54,169.5,1,0
2025-12,14,PLT-06,PRD-05,148.69,277479.91,19.0,0,0
2025-12,14,PLT-06,PRD-06,549.53,1151599.68,57.9,0,0
2025-12,14,PLT-06,PRD-07,424.27,9601133.33,58.5,0,0
2025-12,14,PLT-06,PRD-08,427.06,611633.52,52.3,0,0
2025-12,14,PLT-06,PRD-09,192.0,311882.29,91.8,0,0
2025-12,14,PLT-06,PRD-10,228.32,174826.08,50.3,0,0
2025-12,14,PLT-06,PRD-11,119.13,122974.39,114.7,0,0
2025-12,14,PLT-06,PRD-12,134.28,119888.86,138.1,0,0
2026-01,15,PLT-01,PRD-01,342.41,373636.06,153.0,1,0
2026-01,15,PLT-01,PRD-02,397.32,491440.59,13.2,0,0
2026-01,15,PLT-01,PRD-03,369.7,304855.06,164.4,1,0
2026-01,15,PLT-01,PRD-04,386.33,283837.49,16.1,0,0
2026-01,15,PLT-01,PRD-05,473.5,883646.69,176.2,1,0
2026-01,15,PLT-01,PRD-06,452.98,949272.24,75.1,0,0
2026-01,15,PLT-01,PRD-07,281.41,6368385.01,78.5,0,0
2026-01,15,PLT-01,PRD-08,143.37,205329.62,153.4,1,0
2026-01,15,PLT-01,PRD-09,616.61,1001627.12,64.5,0,0
2026-01,15,PLT-01,PRD-10,300.24,229893.23,106.5,0,0
2026-01,15,PLT-01,PRD-11,623.94,644089.04,72.8,0,0
2026-01,15,PLT-01,PRD-12,635.56,567431.56,173.8,1,0
2026-01,15,PLT-02,PRD-01,295.38,322319.06,141.8,0,0
2026-01,15,PLT-02,PRD-02,185.11,228956.5,97.7,0,0
2026-01,15,PLT-02,PRD-03,364.68,300718.96,183.3,1,0
2026-01,15,PLT-02,PRD-04,349.39,256698.44,70.8,0,0
2026-01,15,PLT-02,PRD-05,601.4,1122326.75,132.2,0,0
2026-01,15,PLT-02,PRD-06,167.59,351200.65,75.0,0,0
2026-01,15,PLT-02,PRD-07,156.8,3548432.18,78.2,0,0
2026-01,15,PLT-02,PRD-08,397.46,569246.69,67.1,0,0
2026-01,15,PLT-02,PRD-09,759.38,1233534.46,166.1,1,0
2026-01,15,PLT-02,PRD-10,654.28,500981.67,142.7,0,0
2026-01,15,PLT-02,PRD-11,493.14,509069.57,182.0,1,0
2026-01,15,PLT-02,PRD-12,663.92,592743.62,80.5,0,0
2026-01,15,PLT-03,PRD-01,556.3,607031.25,85.7,0,0
2026-01,15,PLT-03,PRD-02,429.27,530969.73,35.7,0,0
2026-01,15,PLT-03,PRD-03,155.7,128388.55,145.8,0,0
2026-01,15,PLT-03,PRD-04,366.65,269378.66,53.1,0,0
2026-01,15,PLT-03,PRD-05,558.63,1042513.11,176.9,1,0
2026-01,15,PLT-03,PRD-06,469.44,983763.83,113.7,0,0
2026-01,15,PLT-03,PRD-07,427.16,9666608.46,131.5,0,0
2026-01,15,PLT-03,PRD-08,263.25,377028.77,42.7,0,0
2026-01,15,PLT-03,PRD-09,271.98,441811.83,48.5,0,0
2026-01,15,PLT-03,PRD-10,479.7,367308.9,148.6,0,0
2026-01,15,PLT-03,PRD-11,138.32,142791.41,185.6,1,0
2026-01,15,PLT-03,PRD-12,314.24,280550.25,96.3,0,0
2026-01,15,PLT-04,PRD-01,451.15,492291.18,181.8,1,0
2026-01,15,PLT-04,PRD-02,141.26,174730.34,68.6,0,0
2026-01,15,PLT-04,PRD-03,396.0,326539.1,110.5,0,0
2026-01,15,PLT-04,PRD-04,202.42,148716.57,118.4,0,0
2026-01,15,PLT-04,PRD-05,160.59,299698.41,141.1,0,0
2026-01,15,PLT-04,PRD-06,595.73,1248401.74,24.2,0,0
2026-01,15,PLT-04,PRD-07,476.2,10776295.2,166.5,1,0
2026-01,15,PLT-04,PRD-08,360.11,515754.05,96.9,0,0
2026-01,15,PLT-04,PRD-09,471.46,765834.81,151.1,1,0
2026-01,15,PLT-04,PRD-10,334.44,256078.43,187.9,1,0
2026-01,15,PLT-04,PRD-11,295.63,305182.18,117.5,0,0
2026-01,15,PLT-04,PRD-12,594.59,530853.0,62.2,0,0
2026-01,15,PLT-05,PRD-01,165.05,180102.13,208.8,1,0
2026-01,15,PLT-05,PRD-02,451.7,558703.65,201.9,1,0
2026-01,15,PLT-05,PRD-03,265.76,219147.09,42.8,0,0
2026-01,15,PLT-05,PRD-04,481.08,353452.69,243.3,1,0
2026-01,15,PLT-05,PRD-05,696.89,1300540.15,65.3,0,0
2026-01,15,PLT-05,PRD-06,164.26,344223.28,164.5,1,0
2026-01,15,PLT-05,PRD-07,149.24,3377315.54,180.3,1,0
2026-01,15,PLT-05,PRD-08,330.88,473885.14,81.2,0,0
2026-01,15,PLT-05,PRD-09,283.51,460538.34,173.9,1,0
2026-01,15,PLT-05,PRD-10,222.89,170668.89,223.5,1,0
2026-01,15,PLT-05,PRD-11,725.13,748548.84,182.6,1,0
2026-01,15,PLT-05,PRD-12,627.61,560332.31,256.4,1,0
2026-01,15,PLT-06,PRD-01,312.19,340664.04,165.4,1,0
2026-01,15,PLT-06,PRD-02,532.36,658471.57,166.1,1,0
2026-01,15,PLT-06,PRD-03,192.3,158568.47,112.1,0,0
2026-01,15,PLT-06,PRD-04,322.72,237102.38,116.5,0,0
2026-01,15,PLT-06,PRD-05,413.41,771511.06,55.0,0,0
2026-01,15,PLT-06,PRD-06,425.79,892288.59,115.8,0,0
2026-01,15,PLT-06,PRD-07,604.27,13674705.3,13.4,0,0
2026-01,15,PLT-06,PRD-08,308.56,441915.89,78.4,0,0
2026-01,15,PLT-06,PRD-09,267.92,435213.04,50.5,0,0
2026-01,15,PLT-06,PRD-10,316.05,241998.88,101.6,0,0
2026-01,15,PLT-06,PRD-11,534.12,551374.15,57.8,0,0
2026-01,15,PLT-06,PRD-12,528.23,471607.51,39.5,0,0
2026-02,16,PLT-01,PRD-01,171.44,187076.65,149.2,0,0
2026-02,16,PLT-01,PRD-02,322.86,399340.53,23.6,0,0
2026-02,16,PLT-01,PRD-03,204.71,168802.81,20.4,0,0
2026-02,16,PLT-01,PRD-04,497.9,365803.48,154.1,1,0
2026-02,16,PLT-01,PRD-05,147.28,274850.64,150.2,1,0
2026-02,16,PLT-01,PRD-06,248.39,520533.11,155.9,1,0
2026-02,16,PLT-01,PRD-07,345.91,7828002.33,183.5,1,0
2026-02,16,PLT-01,PRD-08,366.03,524224.44,104.7,0,0
2026-02,16,PLT-01,PRD-09,422.54,686373.22,101.4,0,0
2026-02,16,PLT-01,PRD-10,428.23,327894.73,23.0,0,0
2026-02,16,PLT-01,PRD-11,199.25,205682.27,106.5,0,0
2026-02,16,PLT-01,PRD-12,257.09,229529.68,32.1,0,0
2026-02,16,PLT-02,PRD-01,411.34,448858.44,51.5,0,0
2026-02,16,PLT-02,PRD-02,593.09,733586.89,55.6,0,0
2026-02,16,PLT-02,PRD-03,184.42,152074.18,43.7,0,0
2026-02,16,PLT-02,PRD-04,223.29,164048.37,68.2,0,0
2026-02,16,PLT-02,PRD-05,162.98,304160.48,122.7,0,0
2026-02,16,PLT-02,PRD-06,524.94,1100054.05,44.6,0,0
2026-02,16,PLT-02,PRD-07,655.1,14824938.37,119.3,0,0
2026-02,16,PLT-02,PRD-08,759.7,1088044.51,108.4,0,0
2026-02,16,PLT-02,PRD-09,217.49,353288.59,99.0,0,0
2026-02,16,PLT-02,PRD-10,156.73,120006.68,162.7,1,0
2026-02,16,PLT-02,PRD-11,273.91,282757.44,84.8,0,0
2026-02,16,PLT-02,PRD-12,462.58,412994.17,15.6,0,0
2026-02,16,PLT-03,PRD-01,186.05,203021.35,24.1,0,0
2026-02,16,PLT-03,PRD-02,530.03,655599.79,149.8,0,0
2026-02,16,PLT-03,PRD-03,233.59,192615.32,136.4,0,0
2026-02,16,PLT-03,PRD-04,412.36,302957.78,104.3,0,0
2026-02,16,PLT-03,PRD-05,288.77,538906.48,97.0,0,0
2026-02,16,PLT-03,PRD-06,149.66,313635.15,155.3,1,0
2026-02,16,PLT-03,PRD-07,352.37,7974144.99,73.8,0,0
2026-02,16,PLT-03,PRD-08,480.64,688366.39,64.2,0,0
2026-02,16,PLT-03,PRD-09,558.99,908017.81,99.1,0,0
2026-02,16,PLT-03,PRD-10,511.27,391478.08,74.8,0,0
2026-02,16,PLT-03,PRD-11,208.37,215098.9,82.3,0,0
2026-02,16,PLT-03,PRD-12,326.73,291700.08,17.3,0,0
2026-02,16,PLT-04,PRD-01,220.48,240585.25,183.3,1,0
2026-02,16,PLT-04,PRD-02,325.17,402197.47,107.3,0,0
2026-02,16,PLT-04,PRD-03,683.85,563902.77,51.6,0,0
2026-02,16,PLT-04,PRD-04,314.02,230708.66,66.2,0,0
2026-02,16,PLT-04,PRD-05,144.28,269252.55,177.8,1,0
2026-02,16,PLT-04,PRD-06,594.3,1245409.75,124.0,0,0
2026-02,16,PLT-04,PRD-07,634.52,14359230.05,184.3,1,0
2026-02,16,PLT-04,PRD-08,661.86,947914.9,11.7,0,0
2026-02,16,PLT-04,PRD-09,652.16,1059364.62,85.8,0,0
2026-02,16,PLT-04,PRD-10,522.49,400072.58,160.5,1,0
2026-02,16,PLT-04,PRD-11,479.36,494846.19,64.3,0,0
2026-02,16,PLT-04,PRD-12,361.91,323114.31,93.5,0,0
2026-02,16,PLT-05,PRD-01,291.09,317642.39,152.2,1,0
2026-02,16,PLT-05,PRD-02,510.28,631166.14,111.3,0,0
2026-02,16,PLT-05,PRD-03,313.07,258160.12,235.7,1,0
2026-02,16,PLT-05,PRD-04,714.69,525085.44,223.9,1,0
2026-02,16,PLT-05,PRD-05,689.38,1286521.81,230.7,1,0
2026-02,16,PLT-05,PRD-06,354.87,743663.62,176.0,1,0
2026-02,16,PLT-05,PRD-07,590.32,13358858.15,218.1,1,0
2026-02,16,PLT-05,PRD-08,609.55,872995.37,240.6,1,0
2026-02,16,PLT-05,PRD-09,321.12,521634.07,112.3,0,0
2026-02,16,PLT-05,PRD-10,507.46,388564.45,145.5,0,0
2026-02,16,PLT-05,PRD-11,597.49,616784.88,66.0,0,0
2026-02,16,PLT-05,PRD-12,285.6,254980.22,127.5,0,0
2026-02,16,PLT-06,PRD-01,563.55,614943.63,169.3,1,0
2026-02,16,PLT-06,PRD-02,311.32,385076.46,76.2,0,0
2026-02,16,PLT-06,PRD-03,212.62,175326.82,154.1,1,0
2026-02,16,PLT-06,PRD-04,115.76,85046.14,38.7,0,0
2026-02,16,PLT-06,PRD-05,205.16,382877.14,114.7,0,0
2026-02,16,PLT-06,PRD-06,395.93,829703.39,100.2,0,0
2026-02,16,PLT-06,PRD-07,281.28,6365318.53,13.3,0,0
2026-02,16,PLT-06,PRD-08,414.29,593340.45,106.0,0,0
2026-02,16,PLT-06,PRD-09,363.93,591174.11,139.5,0,0
2026-02,16,PLT-06,PRD-10,542.19,415155.18,99.6,0,0
2026-02,16,PLT-06,PRD-11,308.31,318267.97,103.0,0,0
2026-02,16,PLT-06,PRD-12,208.31,185980.37,146.7,0,0
2026-03,17,PLT-01,PRD-01,329.34,359380.55,148.8,0,0
2026-03,17,PLT-01,PRD-02,462.82,572458.21,155.9,1,0
2026-03,17,PLT-01,PRD-03,173.9,143393.89,168.7,1,0
2026-03,17,PLT-01,PRD-04,173.83,127710.07,84.4,0,0
2026-03,17,PLT-01,PRD-05,282.02,526296.98,75.2,0,0
2026-03,17,PLT-01,PRD-06,342.19,717088.85,83.9,0,0
2026-03,17,PLT-01,PRD-07,486.79,11016139.06,136.6,0,0
2026-03,17,PLT-01,PRD-08,587.12,840867.84,27.7,0,0
2026-03,17,PLT-01,PRD-09,568.2,922991.91,186.0,1,0
2026-03,17,PLT-01,PRD-10,601.29,460408.14,10.4,0,0
2026-03,17,PLT-01,PRD-11,629.11,649425.24,112.0,0,0
2026-03,17,PLT-01,PRD-12,215.42,192330.93,117.3,0,0
2026-03,17,PLT-02,PRD-01,302.76,330368.44,183.1,1,0
2026-03,17,PLT-02,PRD-02,168.56,208497.56,35.4,0,0
2026-03,17,PLT-02,PRD-03,496.9,409744.63,20.2,0,0
2026-03,17,PLT-02,PRD-04,409.09,300560.99,115.4,0,0
2026-03,17,PLT-02,PRD-05,320.77,598623.7,53.5,0,0
2026-03,17,PLT-02,PRD-06,770.11,1613846.43,160.6,1,0
2026-03,17,PLT-02,PRD-07,756.15,17111608.43,71.4,0,0
2026-03,17,PLT-02,PRD-08,557.29,798144.82,47.2,0,0
2026-03,17,PLT-02,PRD-09,727.11,1181122.27,53.5,0,0
2026-03,17,PLT-02,PRD-10,347.45,266043.78,94.2,0,0
2026-03,17,PLT-02,PRD-11,659.89,681199.57,40.9,0,0
2026-03,17,PLT-02,PRD-12,562.0,501757.25,68.0,0,0
2026-03,17,PLT-03,PRD-01,516.35,563438.77,60.6,0,0
2026-03,17,PLT-03,PRD-02,319.05,394627.58,107.5,0,0
2026-03,17,PLT-03,PRD-03,286.29,236077.34,181.4,1,0
2026-03,17,PLT-03,PRD-04,490.84,360618.96,17.3,0,0
2026-03,17,PLT-03,PRD-05,382.56,713926.24,132.7,0,0
2026-03,17,PLT-03,PRD-06,443.05,928458.38,159.1,1,0
2026-03,17,PLT-03,PRD-07,300.77,6806317.68,38.4,0,0
2026-03,17,PLT-03,PRD-08,251.58,360306.09,34.3,0,0
2026-03,17,PLT-03,PRD-09,115.87,188225.85,129.4,0,0
2026-03,17,PLT-03,PRD-10,131.16,100428.77,178.8,1,0
2026-03,17,PLT-03,PRD-11,368.24,380134.07,82.4,0,0
2026-03,17,PLT-03,PRD-12,125.82,112333.79,167.8,1,0
2026-03,17,PLT-04,PRD-01,401.32,437920.59,35.0,0,0
2026-03,17,PLT-04,PRD-02,689.92,853367.47,124.9,0,0
2026-03,17,PLT-04,PRD-03,173.22,142839.85,138.4,0,0
2026-03,17,PLT-04,PRD-04,675.74,496464.01,105.6,0,0
2026-03,17,PLT-04,PRD-05,445.88,832107.51,153.4,1,0
2026-03,17,PLT-04,PRD-06,194.17,406900.12,148.3,0,0
2026-03,17,PLT-04,PRD-07,573.7,12982915.3,74.2,0,0
2026-03,17,PLT-04,PRD-08,135.24,193691.96,110.8,0,0
2026-03,17,PLT-04,PRD-09,688.0,1117581.05,189.5,1,0
2026-03,17,PLT-04,PRD-10,478.63,366487.71,27.6,0,0
2026-03,17,PLT-04,PRD-11,650.84,671862.42,175.3,1,0
2026-03,17,PLT-04,PRD-12,347.8,310511.72,174.5,1,0
2026-03,17,PLT-05,PRD-01,221.86,242090.07,191.6,1,0
2026-03,17,PLT-05,PRD-02,197.96,244853.96,255.8,1,0
2026-03,17,PLT-05,PRD-03,489.21,403402.82,35.8,0,0
2026-03,17,PLT-05,PRD-04,576.39,423476.08,257.5,1,0
2026-03,17,PLT-05,PRD-05,440.23,821559.03,49.6,0,0
2026-03,17,PLT-05,PRD-06,330.22,692000.15,38.7,0,0
2026-03,17,PLT-05,PRD-07,285.15,6452985.64,137.9,0,0
2026-03,17,PLT-05,PRD-08,291.16,417003.87,42.7,0,0
2026-03,17,PLT-05,PRD-09,612.12,994322.49,96.0,0,0
2026-03,17,PLT-05,PRD-10,411.79,315305.06,63.3,0,0
2026-03,17,PLT-05,PRD-11,357.47,369016.68,149.4,0,0
2026-03,17,PLT-05,PRD-12,245.88,219524.52,237.8,1,0
2026-03,17,PLT-06,PRD-01,346.07,377630.97,187.2,1,0
2026-03,17,PLT-06,PRD-02,365.87,452545.6,183.5,1,0
2026-03,17,PLT-06,PRD-03,550.67,454084.48,63.0,0,0
2026-03,17,PLT-06,PRD-04,173.42,127410.93,81.0,0,0
2026-03,17,PLT-06,PRD-05,479.07,894043.27,27.7,0,0
2026-03,17,PLT-06,PRD-06,484.48,1015273.09,166.1,1,0
2026-03,17,PLT-06,PRD-07,573.71,12983072.28,20.8,0,0
2026-03,17,PLT-06,PRD-08,459.63,658283.28,19.1,0,0
2026-03,17,PLT-06,PRD-09,252.98,410933.64,69.5,0,0
2026-03,17,PLT-06,PRD-10,174.37,133516.02,127.9,0,0
2026-03,17,PLT-06,PRD-11,150.48,155337.34,22.8,0,0
2026-03,17,PLT-06,PRD-12,481.18,429595.55,114.1,0,0
2026-04,18,PLT-01,PRD-01,357.17,389739.06,134.7,0,1
2026-04,18,PLT-01,PRD-02,209.65,259316.16,154.8,1,1
2026-04,18,PLT-01,PRD-03,484.28,399336.79,23.6,0,1
2026-04,18,PLT-01,PRD-04,372.03,273328.08,100.5,0,1
2026-04,18,PLT-01,PRD-05,545.39,1017797.93,145.9,0,1
2026-04,18,PLT-01,PRD-06,273.56,573276.16,157.2,1,1
2026-04,18,PLT-01,PRD-07,121.72,2754422.34,139.1,0,1
2026-04,18,PLT-01,PRD-08,363.03,519937.83,71.2,0,1
2026-04,18,PLT-01,PRD-09,245.16,398231.35,58.6,0,1
2026-04,18,PLT-01,PRD-10,122.92,94123.06,61.6,0,1
2026-04,18,PLT-01,PRD-11,600.34,619729.98,120.9,0,1
2026-04,18,PLT-01,PRD-12,202.72,180987.99,43.3,0,1
2026-04,18,PLT-02,PRD-01,398.3,434621.87,129.9,0,1
2026-04,18,PLT-02,PRD-02,214.68,265535.01,184.3,1,1
2026-04,18,PLT-02,PRD-03,329.72,271886.42,105.8,0,1
2026-04,18,PLT-02,PRD-04,649.16,476937.13,122.0,0,1
2026-04,18,PLT-02,PRD-05,499.23,931655.82,59.8,0,1
2026-04,18,PLT-02,PRD-06,443.21,928795.26,20.0,0,1
2026-04,18,PLT-02,PRD-07,523.92,11856295.59,55.0,0,1
2026-04,18,PLT-02,PRD-08,682.25,977117.72,91.2,0,1
2026-04,18,PLT-02,PRD-09,611.66,993584.93,181.8,1,1
2026-04,18,PLT-02,PRD-10,270.88,207412.85,50.0,0,1
2026-04,18,PLT-02,PRD-11,564.07,582293.65,37.6,0,1
2026-04,18,PLT-02,PRD-12,559.59,499597.86,90.3,0,1
2026-04,18,PLT-03,PRD-01,133.64,145829.46,64.5,0,1
2026-04,18,PLT-03,PRD-02,294.35,364087.29,78.7,0,1
2026-04,18,PLT-03,PRD-03,546.27,450450.38,74.4,0,1
2026-04,18,PLT-03,PRD-04,375.0,275513.68,171.6,1,1
2026-04,18,PLT-03,PRD-05,450.42,840570.5,76.6,0,1
2026-04,18,PLT-03,PRD-06,313.86,657716.2,111.8,0,1
2026-04,18,PLT-03,PRD-07,378.79,8572127.85,119.3,0,1
2026-04,18,PLT-03,PRD-08,389.21,557430.45,120.6,0,1
2026-04,18,PLT-03,PRD-09,461.81,750162.2,31.7,0,1
2026-04,18,PLT-03,PRD-10,501.15,383732.89,113.7,0,1
2026-04,18,PLT-03,PRD-11,392.64,405323.57,158.1,1,1
2026-04,18,PLT-03,PRD-12,389.73,347948.18,155.6,1,1
2026-04,18,PLT-04,PRD-01,222.98,243318.7,29.8,0,1
2026-04,18,PLT-04,PRD-02,555.48,687071.49,48.2,0,1
2026-04,18,PLT-04,PRD-03,510.18,420694.97,66.1,0,1
2026-04,18,PLT-04,PRD-04,532.47,391207.57,157.2,1,1
2026-04,18,PLT-04,PRD-05,134.43,250871.01,73.2,0,1
2026-04,18,PLT-04,PRD-06,646.68,1355180.83,26.9,0,1
2026-04,18,PLT-04,PRD-07,153.79,3480233.83,125.2,0,1
2026-04,18,PLT-04,PRD-08,491.79,704342.04,21.7,0,1
2026-04,18,PLT-04,PRD-09,573.12,930974.4,68.2,0,1
2026-04,18,PLT-04,PRD-10,547.26,419040.27,107.5,0,1
2026-04,18,PLT-04,PRD-11,305.78,315654.05,16.3,0,1
2026-04,18,PLT-04,PRD-12,508.51,453999.91,56.9,0,1
2026-04,18,PLT-05,PRD-01,163.12,177999.59,186.3,1,1
2026-04,18,PLT-05,PRD-02,271.99,336423.03,162.3,1,1
2026-04,18,PLT-05,PRD-03,455.2,375357.3,251.5,1,1
2026-04,18,PLT-05,PRD-04,264.93,194644.48,167.4,1,1
2026-04,18,PLT-05,PRD-05,646.84,1207134.66,212.9,1,1
2026-04,18,PLT-05,PRD-06,417.53,874976.09,179.4,1,1
2026-04,18,PLT-05,PRD-07,534.67,12099679.64,59.1,0,1
2026-04,18,PLT-05,PRD-08,369.71,529503.18,216.3,1,1
2026-04,18,PLT-05,PRD-09,668.02,1085135.59,159.6,1,1
2026-04,18,PLT-05,PRD-10,576.04,441070.94,105.7,0,1
2026-04,18,PLT-05,PRD-11,634.73,655233.77,262.6,1,1
2026-04,18,PLT-05,PRD-12,433.76,387263.56,175.6,1,1
2026-04,18,PLT-06,PRD-01,533.41,582051.7,166.9,1,1
2026-04,18,PLT-06,PRD-02,282.85,349858.1,125.4,0,1
2026-04,18,PLT-06,PRD-03,402.85,332193.35,61.1,0,1
2026-04,18,PLT-06,PRD-04,348.73,256214.48,61.1,0,1
2026-04,18,PLT-06,PRD-05,296.84,553960.79,79.5,0,1
2026-04,18,PLT-06,PRD-06,327.88,687113.04,72.5,0,1
2026-04,18,PLT-06,PRD-07,213.09,4822195.79,61.5,0,1
2026-04,18,PLT-06,PRD-08,501.53,718295.43,11.0,0,1
2026-04,18,PLT-06,PRD-09,574.28,932862.69,127.4,0,1
2026-04,18,PLT-06,PRD-10,438.66,335878.87,161.2,1,1
2026-04,18,PLT-06,PRD-11,535.7,553001.52,183.7,1,1
2026-04,18,PLT-06,PRD-12,331.54,295996.66,93.2,0,1
2026-05,19,PLT-01,PRD-01,114.14,124554.62,43.3,0,1
2026-05,19,PLT-01,PRD-02,389.34,481575.52,182.4,1,1
2026-05,19,PLT-01,PRD-03,562.09,463495.45,54.1,0,1
2026-05,19,PLT-01,PRD-04,347.28,255149.28,86.1,0,1
2026-05,19,PLT-01,PRD-05,533.96,996469.5,112.3,0,1
2026-05,19,PLT-01,PRD-06,177.41,371790.67,133.1,0,1
2026-05,19,PLT-01,PRD-07,129.37,2927733.25,157.3,1,1
2026-05,19,PLT-01,PRD-08,443.13,634645.85,185.7,1,1
2026-05,19,PLT-01,PRD-09,437.74,711061.48,50.5,0,1
2026-05,19,PLT-01,PRD-10,463.17,354649.6,170.4,1,1
2026-05,19,PLT-01,PRD-11,365.2,376998.99,81.3,0,1
2026-05,19,PLT-01,PRD-12,481.69,430054.67,178.6,1,1
2026-05,19,PLT-02,PRD-01,365.78,399141.8,54.9,0,1
2026-05,19,PLT-02,PRD-02,637.78,788874.04,182.1,1,1
2026-05,19,PLT-02,PRD-03,186.42,153726.05,36.7,0,1
2026-05,19,PLT-02,PRD-04,599.71,440610.4,146.5,0,1
2026-05,19,PLT-02,PRD-05,568.22,1060409.49,111.9,0,1
2026-05,19,PLT-02,PRD-06,507.54,1063600.54,22.9,0,1
2026-05,19,PLT-02,PRD-07,460.4,10418814.58,141.2,0,1
2026-05,19,PLT-02,PRD-08,720.75,1032262.36,132.7,0,1
2026-05,19,PLT-02,PRD-09,311.17,505468.24,43.3,0,1
2026-05,19,PLT-02,PRD-10,437.41,334925.5,14.2,0,1
2026-05,19,PLT-02,PRD-11,204.02,210607.16,148.4,0,1
2026-05,19,PLT-02,PRD-12,336.34,300284.73,116.0,0,1
2026-05,19,PLT-03,PRD-01,221.66,241877.53,62.9,0,1
2026-05,19,PLT-03,PRD-02,168.74,208712.42,114.5,0,1
2026-05,19,PLT-03,PRD-03,279.95,230844.79,118.8,0,1
2026-05,19,PLT-03,PRD-04,146.27,107466.75,175.6,1,1
2026-05,19,PLT-03,PRD-05,171.21,319507.44,82.0,0,1
2026-05,19,PLT-03,PRD-06,367.44,770013.59,99.0,0,1
2026-05,19,PLT-03,PRD-07,511.85,11583203.11,105.9,0,1
2026-05,19,PLT-03,PRD-08,181.7,260234.56,102.4,0,1
2026-05,19,PLT-03,PRD-09,458.18,744274.29,49.7,0,1
2026-05,19,PLT-03,PRD-10,98.5,75418.08,92.6,0,1
2026-05,19,PLT-03,PRD-11,466.13,481187.46,183.0,1,1
2026-05,19,PLT-03,PRD-12,258.27,230583.58,146.7,0,1
2026-05,19,PLT-04,PRD-01,513.1,559894.97,26.9,0,1
2026-05,19,PLT-04,PRD-02,514.77,636722.78,60.4,0,1
2026-05,19,PLT-04,PRD-03,340.75,280982.53,141.1,0,1
2026-05,19,PLT-04,PRD-04,235.45,172983.84,17.7,0,1
2026-05,19,PLT-04,PRD-05,575.66,1074288.98,93.4,0,1
2026-05,19,PLT-04,PRD-06,429.15,899327.5,74.7,0,1
2026-05,19,PLT-04,PRD-07,256.21,5798031.19,62.0,0,1
2026-05,19,PLT-04,PRD-08,500.68,717069.12,176.1,1,1
2026-05,19,PLT-04,PRD-09,242.88,394540.22,52.3,0,1
2026-05,19,PLT-04,PRD-10,530.71,406364.11,185.3,1,1
2026-05,19,PLT-04,PRD-11,528.29,545356.76,151.3,1,1
2026-05,19,PLT-04,PRD-12,221.24,197522.41,104.7,0,1
2026-05,19,PLT-05,PRD-01,597.61,652111.59,39.2,0,1
2026-05,19,PLT-05,PRD-02,280.48,346921.69,260.6,1,1
2026-05,19,PLT-05,PRD-03,195.35,161088.98,155.5,1,1
2026-05,19,PLT-05,PRD-04,446.92,328353.56,159.0,1,1
2026-05,19,PLT-05,PRD-05,527.78,984940.86,78.4,0,1
2026-05,19,PLT-05,PRD-06,625.96,1311764.41,128.0,0,1
2026-05,19,PLT-05,PRD-07,253.38,5733910.69,77.5,0,1
2026-05,19,PLT-05,PRD-08,540.98,774788.3,63.8,0,1
2026-05,19,PLT-05,PRD-09,648.98,1054206.57,228.8,1,1
2026-05,19,PLT-05,PRD-10,229.94,176063.21,90.6,0,1
2026-05,19,PLT-05,PRD-11,152.13,157046.28,200.4,1,1
2026-05,19,PLT-05,PRD-12,416.61,371952.25,85.0,0,1
2026-05,19,PLT-06,PRD-01,470.72,513652.99,150.0,0,1
2026-05,19,PLT-06,PRD-02,113.92,140904.4,95.9,0,1
2026-05,19,PLT-06,PRD-03,473.17,390176.59,77.8,0,1
2026-05,19,PLT-06,PRD-04,538.42,395577.75,96.5,0,1
2026-05,19,PLT-06,PRD-05,253.49,473058.52,149.9,0,1
2026-05,19,PLT-06,PRD-06,133.7,280184.62,67.9,0,1
2026-05,19,PLT-06,PRD-07,152.07,3441377.11,28.3,0,1
2026-05,19,PLT-06,PRD-08,549.01,786289.47,181.9,1,1
2026-05,19,PLT-06,PRD-09,399.06,648241.1,137.7,0,1
2026-05,19,PLT-06,PRD-10,201.06,153952.2,136.8,0,1
2026-05,19,PLT-06,PRD-11,479.42,494900.7,114.6,0,1
2026-05,19,PLT-06,PRD-12,460.68,411299.31,28.1,0,1
2026-06,20,PLT-01,PRD-01,278.45,303845.4,108.4,0,1
2026-06,20,PLT-01,PRD-02,232.86,288023.9,117.1,0,1
2026-06,20,PLT-01,PRD-03,214.07,176525.9,180.5,1,1
2026-06,20,PLT-01,PRD-04,169.21,124320.59,46.0,0,1
2026-06,20,PLT-01,PRD-05,407.64,760741.52,107.9,0,1
2026-06,20,PLT-01,PRD-06,182.41,382262.07,111.2,0,1
2026-06,20,PLT-01,PRD-07,229.24,5187785.55,123.1,0,1
2026-06,20,PLT-01,PRD-08,263.63,377568.1,30.1,0,1
2026-06,20,PLT-01,PRD-09,433.34,703921.39,27.4,0,1
2026-06,20,PLT-01,PRD-10,452.23,346275.26,149.6,0,1
2026-06,20,PLT-01,PRD-11,112.3,115927.62,18.6,0,1
2026-06,20,PLT-01,PRD-12,238.34,212790.12,164.0,1,1
2026-06,20,PLT-02,PRD-01,287.92,314177.69,132.1,0,1
2026-06,20,PLT-02,PRD-02,509.27,629921.94,66.4,0,1
2026-06,20,PLT-02,PRD-03,396.99,327359.95,27.8,0,1
2026-06,20,PLT-02,PRD-04,270.59,198802.01,46.8,0,1
2026-06,20,PLT-02,PRD-05,313.22,584537.18,163.1,1,1
2026-06,20,PLT-02,PRD-06,446.12,934882.74,48.5,0,1
2026-06,20,PLT-02,PRD-07,537.01,12152472.04,19.6,0,1
2026-06,20,PLT-02,PRD-08,472.05,676066.57,19.6,0,1
2026-06,20,PLT-02,PRD-09,220.07,357488.29,172.6,1,1
2026-06,20,PLT-02,PRD-10,260.25,199275.26,128.6,0,1
2026-06,20,PLT-02,PRD-11,628.91,649219.63,142.4,0,1
2026-06,20,PLT-02,PRD-12,376.18,335849.52,128.9,0,1
2026-06,20,PLT-03,PRD-01,323.61,353127.48,98.8,0,1
2026-06,20,PLT-03,PRD-02,143.32,177276.89,72.6,0,1
2026-06,20,PLT-03,PRD-03,370.3,305345.46,137.9,0,1
2026-06,20,PLT-03,PRD-04,365.14,268269.03,146.7,0,1
2026-06,20,PLT-03,PRD-05,317.44,592410.91,114.8,0,1
2026-06,20,PLT-03,PRD-06,316.76,663804.17,117.7,0,1
2026-06,20,PLT-03,PRD-07,140.22,3173284.62,104.9,0,1
2026-06,20,PLT-03,PRD-08,95.19,136332.46,81.9,0,1
2026-06,20,PLT-03,PRD-09,140.56,228320.98,48.0,0,1
2026-06,20,PLT-03,PRD-10,169.44,129741.99,84.7,0,1
2026-06,20,PLT-03,PRD-11,379.65,391917.07,146.1,0,1
2026-06,20,PLT-03,PRD-12,353.18,315315.01,178.7,1,1
2026-06,20,PLT-04,PRD-01,139.61,152345.63,20.6,0,1
2026-06,20,PLT-04,PRD-02,267.33,330656.53,91.2,0,1
2026-06,20,PLT-04,PRD-03,285.55,235468.44,138.1,0,1
2026-06,20,PLT-04,PRD-04,221.4,162662.12,108.2,0,1
2026-06,20,PLT-04,PRD-05,436.2,814030.46,100.7,0,1
2026-06,20,PLT-04,PRD-06,190.41,399019.3,170.1,1,1
2026-06,20,PLT-04,PRD-07,505.67,11443374.91,135.8,0,1
2026-06,20,PLT-04,PRD-08,378.8,542518.16,36.6,0,1
2026-06,20,PLT-04,PRD-09,116.3,188917.19,129.0,0,1
2026-06,20,PLT-04,PRD-10,229.58,175791.78,10.6,0,1
2026-06,20,PLT-04,PRD-11,554.42,572323.45,100.2,0,1
2026-06,20,PLT-04,PRD-12,579.04,516969.78,85.3,0,1
2026-06,20,PLT-05,PRD-01,590.84,644726.7,31.8,0,1
2026-06,20,PLT-05,PRD-02,456.39,564508.59,91.6,0,1
2026-06,20,PLT-05,PRD-03,404.56,333602.42,237.2,1,1
2026-06,20,PLT-05,PRD-04,370.53,272225.02,168.9,1,1
2026-06,20,PLT-05,PRD-05,607.59,1133883.3,235.3,1,1
2026-06,20,PLT-05,PRD-06,402.42,843311.85,155.1,1,1
2026-06,20,PLT-05,PRD-07,130.89,2962053.67,124.1,0,1
2026-06,20,PLT-05,PRD-08,245.54,351661.99,187.3,1,1
2026-06,20,PLT-05,PRD-09,491.49,798382.77,258.3,1,1
2026-06,20,PLT-05,PRD-10,254.5,194873.72,55.7,0,1
2026-06,20,PLT-05,PRD-11,382.73,395095.62,88.3,0,1
2026-06,20,PLT-05,PRD-12,353.13,315277.17,109.4,0,1
2026-06,20,PLT-06,PRD-01,501.38,547102.55,66.8,0,1
2026-06,20,PLT-06,PRD-02,156.11,193088.9,21.2,0,1
2026-06,20,PLT-06,PRD-03,488.22,402588.33,31.7,0,1
2026-06,20,PLT-06,PRD-04,428.2,314602.16,125.0,0,1
2026-06,20,PLT-06,PRD-05,230.95,431003.5,75.2,0,1
2026-06,20,PLT-06,PRD-06,170.63,357571.99,109.4,0,1
2026-06,20,PLT-06,PRD-07,375.6,8499845.76,61.3,0,1
2026-06,20,PLT-06,PRD-08,109.18,156368.93,31.7,0,1
2026-06,20,PLT-06,PRD-09,103.84,168685.52,18.4,0,1
2026-06,20,PLT-06,PRD-10,230.09,176177.26,141.9,0,1
2026-06,20,PLT-06,PRD-11,356.29,367798.67,164.6,1,1
2026-06,20,PLT-06,PRD-12,120.09,107217.66,185.9,1,1
2026-07,21,PLT-01,PRD-01,139.19,151884.54,119.7,0,1
2026-07,21,PLT-01,PRD-02,113.24,140066.94,65.8,0,1
2026-07,21,PLT-01,PRD-03,321.35,264982.75,138.4,0,1
2026-07,21,PLT-01,PRD-04,467.88,343749.25,57.9,0,1
2026-07,21,PLT-01,PRD-05,325.4,607265.13,49.2,0,1
2026-07,21,PLT-01,PRD-06,134.52,281898.97,130.4,0,1
2026-07,21,PLT-01,PRD-07,176.01,3983201.43,185.3,1,1
2026-07,21,PLT-01,PRD-08,465.86,667207.17,22.4,0,1
2026-07,21,PLT-01,PRD-09,200.3,325375.21,90.7,0,1
2026-07,21,PLT-01,PRD-10,216.09,165461.7,148.0,0,1
2026-07,21,PLT-01,PRD-11,478.1,493540.62,102.0,0,1
2026-07,21,PLT-01,PRD-12,352.66,314857.34,162.6,1,1
2026-07,21,PLT-02,PRD-01,399.2,435609.81,63.3,0,1
2026-07,21,PLT-02,PRD-02,279.62,345863.02,129.8,0,1
2026-07,21,PLT-02,PRD-03,482.67,398007.23,178.8,1,1
2026-07,21,PLT-02,PRD-04,187.64,137858.47,175.3,1,1
2026-07,21,PLT-02,PRD-05,232.45,433795.59,97.0,0,1
2026-07,21,PLT-02,PRD-06,366.74,768536.98,141.6,0,1
2026-07,21,PLT-02,PRD-07,565.95,12807509.18,32.7,0,1
2026-07,21,PLT-02,PRD-08,348.46,499060.52,151.5,1,1
2026-07,21,PLT-02,PRD-09,464.65,754784.41,21.7,0,1
2026-07,21,PLT-02,PRD-10,198.79,152211.49,41.0,0,1
2026-07,21,PLT-02,PRD-11,270.28,279007.29,54.0,0,1
2026-07,21,PLT-02,PRD-12,641.8,572999.97,131.3,0,1
2026-07,21,PLT-03,PRD-01,159.94,174531.07,27.0,0,1
2026-07,21,PLT-03,PRD-02,462.97,572647.12,148.2,0,1
2026-07,21,PLT-03,PRD-03,256.69,211667.85,150.7,1,1
2026-07,21,PLT-03,PRD-04,221.31,162597.93,29.1,0,1
2026-07,21,PLT-03,PRD-05,366.74,684410.2,119.1,0,1
2026-07,21,PLT-03,PRD-06,311.65,653095.53,13.4,0,1
2026-07,21,PLT-03,PRD-07,429.33,9715672.42,17.0,0,1
2026-07,21,PLT-03,PRD-08,188.51,269981.36,60.4,0,1
2026-07,21,PLT-03,PRD-09,219.45,356467.7,163.5,1,1
2026-07,21,PLT-03,PRD-10,371.28,284289.75,98.0,0,1
2026-07,21,PLT-03,PRD-11,375.28,387401.44,160.5,1,1
2026-07,21,PLT-03,PRD-12,229.64,205022.19,137.9,0,1
2026-07,21,PLT-04,PRD-01,545.31,595044.59,117.1,0,1
2026-07,21,PLT-04,PRD-02,115.16,142444.88,35.2,0,1
2026-07,21,PLT-04,PRD-03,159.79,131763.22,80.2,0,1
2026-07,21,PLT-04,PRD-04,371.5,272938.11,128.4,0,1
2026-07,21,PLT-04,PRD-05,578.9,1080338.83,173.0,1,1
2026-07,21,PLT-04,PRD-06,356.04,746111.06,83.7,0,1
2026-07,21,PLT-04,PRD-07,494.17,11183076.96,83.2,0,1
2026-07,21,PLT-04,PRD-08,525.16,752139.97,156.9,1,1
2026-07,21,PLT-04,PRD-09,337.29,547886.77,118.6,0,1
2026-07,21,PLT-04,PRD-10,403.72,309127.74,112.4,0,1
2026-07,21,PLT-04,PRD-11,410.29,423540.07,77.5,0,1
2026-07,21,PLT-04,PRD-12,530.7,473807.38,134.7,0,1
2026-07,21,PLT-05,PRD-01,526.58,574605.28,214.3,1,1
2026-07,21,PLT-05,PRD-02,479.38,592944.74,58.7,0,1
2026-07,21,PLT-05,PRD-03,556.26,458689.8,133.4,0,1
2026-07,21,PLT-05,PRD-04,220.37,161903.2,150.6,1,1
2026-07,21,PLT-05,PRD-05,565.94,1056151.85,49.6,0,1
2026-07,21,PLT-05,PRD-06,549.59,1151720.26,257.0,1,1
2026-07,21,PLT-05,PRD-07,353.03,7989168.54,262.5,1,1
2026-07,21,PLT-05,PRD-08,300.51,430386.95,248.7,1,1
2026-07,21,PLT-05,PRD-09,254.62,413596.97,29.3,0,1
2026-07,21,PLT-05,PRD-10,170.27,130374.63,150.8,1,1
2026-07,21,PLT-05,PRD-11,149.7,154530.78,250.4,1,1
2026-07,21,PLT-05,PRD-12,153.17,136750.55,115.3,0,1
2026-07,21,PLT-06,PRD-01,345.07,376535.36,105.4,0,1
2026-07,21,PLT-06,PRD-02,111.41,137798.27,143.4,0,1
2026-07,21,PLT-06,PRD-03,146.84,121085.84,141.0,0,1
2026-07,21,PLT-06,PRD-04,187.51,137761.27,79.2,0,1
2026-07,21,PLT-06,PRD-05,171.05,319209.35,47.1,0,1
2026-07,21,PLT-06,PRD-06,316.65,663562.19,122.9,0,1
2026-07,21,PLT-06,PRD-07,514.85,11651031.94,146.0,0,1
2026-07,21,PLT-06,PRD-08,515.55,738373.98,119.5,0,1
2026-07,21,PLT-06,PRD-09,149.04,242103.81,113.4,0,1
2026-07,21,PLT-06,PRD-10,309.16,236727.38,10.1,0,1
2026-07,21,PLT-06,PRD-11,338.44,349373.75,153.3,1,1
2026-07,21,PLT-06,PRD-12,457.77,408694.46,177.6,1,1
2026-08,22,PLT-01,PRD-01,208.67,227696.55,71.9,0,1
2026-08,22,PLT-01,PRD-02,294.93,364804.55,92.1,0,1
2026-08,22,PLT-01,PRD-03,340.5,280779.87,168.0,1,1
2026-08,22,PLT-01,PRD-04,252.99,185872.53,57.3,0,1
2026-08,22,PLT-01,PRD-05,240.48,448777.37,79.5,0,1
2026-08,22,PLT-01,PRD-06,272.41,570869.64,61.1,0,1
2026-08,22,PLT-01,PRD-07,432.35,9784121.78,177.6,1,1
2026-08,22,PLT-01,PRD-08,431.4,617852.78,86.9,0,1
2026-08,22,PLT-01,PRD-09,275.21,447057.81,169.6,1,1
2026-08,22,PLT-01,PRD-10,431.66,330522.02,49.2,0,1
2026-08,22,PLT-01,PRD-11,340.07,351057.92,174.3,1,1
2026-08,22,PLT-01,PRD-12,508.49,453977.63,73.2,0,1
2026-08,22,PLT-02,PRD-01,308.78,336942.0,92.4,0,1
2026-08,22,PLT-02,PRD-02,503.34,622578.05,77.5,0,1
2026-08,22,PLT-02,PRD-03,417.83,344540.53,112.1,0,1
2026-08,22,PLT-02,PRD-04,382.91,281320.43,118.4,0,1
2026-08,22,PLT-02,PRD-05,229.44,428178.45,139.0,0,1
2026-08,22,PLT-02,PRD-06,374.78,785383.91,160.9,1,1
2026-08,22,PLT-02,PRD-07,408.09,9235166.79,181.3,1,1
2026-08,22,PLT-02,PRD-08,654.97,938053.09,142.1,0,1
2026-08,22,PLT-02,PRD-09,608.53,988489.95,151.7,1,1
2026-08,22,PLT-02,PRD-10,159.54,122162.77,37.3,0,1
2026-08,22,PLT-02,PRD-11,604.03,623537.98,101.4,0,1
2026-08,22,PLT-02,PRD-12,323.12,288482.48,154.6,1,1
2026-08,22,PLT-03,PRD-01,126.79,138349.68,118.5,0,1
2026-08,22,PLT-03,PRD-02,322.15,398470.75,98.1,0,1
2026-08,22,PLT-03,PRD-03,371.36,306224.27,171.3,1,1
2026-08,22,PLT-03,PRD-04,234.11,172000.32,145.8,0,1
2026-08,22,PLT-03,PRD-05,358.37,668793.53,144.4,0,1
2026-08,22,PLT-03,PRD-06,312.1,654038.66,11.9,0,1
2026-08,22,PLT-03,PRD-07,320.29,7248192.26,113.2,0,1
2026-08,22,PLT-03,PRD-08,265.46,380188.17,118.8,0,1
2026-08,22,PLT-03,PRD-09,476.46,773955.02,149.6,0,1
2026-08,22,PLT-03,PRD-10,287.51,220146.61,60.2,0,1
2026-08,22,PLT-03,PRD-11,215.4,222358.14,172.9,1,1
2026-08,22,PLT-03,PRD-12,356.42,318212.13,110.9,0,1
2026-08,22,PLT-04,PRD-01,434.24,473841.04,62.2,0,1
2026-08,22,PLT-04,PRD-02,524.93,649281.26,119.3,0,1
2026-08,22,PLT-04,PRD-03,301.15,248331.11,181.6,1,1
2026-08,22,PLT-04,PRD-04,268.65,197375.99,125.0,0,1
2026-08,22,PLT-04,PRD-05,429.13,800839.1,166.6,1,1
2026-08,22,PLT-04,PRD-06,151.6,317685.12,77.4,0,1
2026-08,22,PLT-04,PRD-07,567.47,12841922.08,185.8,1,1
2026-08,22,PLT-04,PRD-08,465.5,666692.72,52.2,0,1
2026-08,22,PLT-04,PRD-09,471.0,765094.28,13.2,0,1
2026-08,22,PLT-04,PRD-10,176.64,135255.75,184.8,1,1
2026-08,22,PLT-04,PRD-11,118.79,122626.43,42.1,0,1
2026-08,22,PLT-04,PRD-12,386.61,345161.21,128.2,0,1
2026-08,22,PLT-05,PRD-01,599.85,654553.0,16.4,0,1
2026-08,22,PLT-05,PRD-02,206.0,254795.6,190.1,1,1
2026-08,22,PLT-05,PRD-03,138.72,114390.76,136.8,0,1
2026-08,22,PLT-05,PRD-04,119.58,87858.65,204.5,1,1
2026-08,22,PLT-05,PRD-05,333.08,621585.74,265.2,1,1
2026-08,22,PLT-05,PRD-06,535.08,1121307.41,35.3,0,1
2026-08,22,PLT-05,PRD-07,517.38,11708303.79,74.9,0,1
2026-08,22,PLT-05,PRD-08,379.73,543847.74,215.3,1,1
2026-08,22,PLT-05,PRD-09,363.02,589684.7,36.4,0,1
2026-08,22,PLT-05,PRD-10,621.98,476247.54,198.5,1,1
2026-08,22,PLT-05,PRD-11,175.12,180779.67,258.4,1,1
2026-08,22,PLT-05,PRD-12,529.49,472731.26,78.5,0,1
2026-08,22,PLT-06,PRD-01,150.05,163739.03,31.4,0,1
2026-08,22,PLT-06,PRD-02,328.66,406514.55,128.5,0,1
2026-08,22,PLT-06,PRD-03,460.77,379948.98,158.3,1,1
2026-08,22,PLT-06,PRD-04,467.46,343446.53,105.3,0,1
2026-08,22,PLT-06,PRD-05,139.26,259893.09,133.9,0,1
2026-08,22,PLT-06,PRD-06,109.12,228665.37,33.7,0,1
2026-08,22,PLT-06,PRD-07,430.24,9736329.34,71.5,0,1
2026-08,22,PLT-06,PRD-08,279.48,400274.75,121.0,0,1
2026-08,22,PLT-06,PRD-09,355.91,578135.58,117.1,0,1
2026-08,22,PLT-06,PRD-10,226.41,173364.43,70.2,0,1
2026-08,22,PLT-06,PRD-11,168.5,173941.57,45.6,0,1
2026-08,22,PLT-06,PRD-12,184.84,165026.96,34.9,0,1
2026-09,23,PLT-01,PRD-01,216.6,236357.66,101.6,0,1
2026-09,23,PLT-01,PRD-02,344.24,425786.13,81.7,0,1
2026-09,23,PLT-01,PRD-03,120.62,99467.36,23.2,0,1
2026-09,23,PLT-01,PRD-04,176.69,129814.06,20.0,0,1
2026-09,23,PLT-01,PRD-05,442.64,826055.35,156.9,1,1
2026-09,23,PLT-01,PRD-06,109.65,229781.33,90.6,0,1
2026-09,23,PLT-01,PRD-07,454.33,10281452.31,18.7,0,1
2026-09,23,PLT-01,PRD-08,302.24,432868.61,182.5,1,1
2026-09,23,PLT-01,PRD-09,335.8,545472.82,143.9,0,1
2026-09,23,PLT-01,PRD-10,395.56,302877.55,79.6,0,1
2026-09,23,PLT-01,PRD-11,397.24,410075.62,75.8,0,1
2026-09,23,PLT-01,PRD-12,392.94,350818.72,121.9,0,1
2026-09,23,PLT-02,PRD-01,179.29,195642.0,178.4,1,1
2026-09,23,PLT-02,PRD-02,366.89,453800.92,97.3,0,1
2026-09,23,PLT-02,PRD-03,616.0,507949.96,23.2,0,1
2026-09,23,PLT-02,PRD-04,473.54,347911.07,81.2,0,1
2026-09,23,PLT-02,PRD-05,648.39,1210031.48,47.2,0,1
2026-09,23,PLT-02,PRD-06,170.72,357754.39,144.8,0,1
2026-09,23,PLT-02,PRD-07,615.33,13924959.28,119.5,0,1
2026-09,23,PLT-02,PRD-08,302.64,433446.13,60.0,0,1
2026-09,23,PLT-02,PRD-09,285.07,463071.16,183.9,1,1
2026-09,23,PLT-02,PRD-10,313.64,240153.57,15.2,0,1
2026-09,23,PLT-02,PRD-11,206.13,212788.98,159.5,1,1
2026-09,23,PLT-02,PRD-12,438.53,391518.03,86.0,0,1
2026-09,23,PLT-03,PRD-01,95.8,104538.03,60.5,0,1
2026-09,23,PLT-03,PRD-02,355.97,440304.83,34.6,0,1
2026-09,23,PLT-03,PRD-03,92.67,76417.68,164.6,1,1
2026-09,23,PLT-03,PRD-04,305.94,224776.08,70.3,0,1
2026-09,23,PLT-03,PRD-05,259.49,484256.59,138.9,0,1
2026-09,23,PLT-03,PRD-06,136.05,285116.59,29.6,0,1
2026-09,23,PLT-03,PRD-07,357.94,8100255.85,102.8,0,1
2026-09,23,PLT-03,PRD-08,458.81,657109.19,24.7,0,1
2026-09,23,PLT-03,PRD-09,482.63,783977.59,42.9,0,1
2026-09,23,PLT-03,PRD-10,285.49,218598.69,28.1,0,1
2026-09,23,PLT-03,PRD-11,284.02,293193.87,108.8,0,1
2026-09,23,PLT-03,PRD-12,390.54,348670.24,158.7,1,1
2026-09,23,PLT-04,PRD-01,202.93,221438.61,102.9,0,1
2026-09,23,PLT-04,PRD-02,432.98,535548.19,94.5,0,1
2026-09,23,PLT-04,PRD-03,424.59,350113.51,154.8,1,1
2026-09,23,PLT-04,PRD-04,239.09,175656.46,15.7,0,1
2026-09,23,PLT-04,PRD-05,231.13,431338.21,168.1,1,1
2026-09,23,PLT-04,PRD-06,345.86,724776.67,14.1,0,1
2026-09,23,PLT-04,PRD-07,251.91,5700745.1,66.7,0,1
2026-09,23,PLT-04,PRD-08,280.57,401831.11,41.3,0,1
2026-09,23,PLT-04,PRD-09,596.81,969450.51,62.5,0,1
2026-09,23,PLT-04,PRD-10,372.06,284884.88,104.2,0,1
2026-09,23,PLT-04,PRD-11,217.86,224901.28,95.8,0,1
2026-09,23,PLT-04,PRD-12,158.66,141655.07,105.7,0,1
2026-09,23,PLT-05,PRD-01,573.78,626110.05,188.6,1,1
2026-09,23,PLT-05,PRD-02,545.42,674635.47,115.4,0,1
2026-09,23,PLT-05,PRD-03,154.59,127478.78,254.9,1,1
2026-09,23,PLT-05,PRD-04,284.7,209170.18,50.8,0,1
2026-09,23,PLT-05,PRD-05,292.11,545141.45,230.0,1,1
2026-09,23,PLT-05,PRD-06,371.99,779546.61,102.1,0,1
2026-09,23,PLT-05,PRD-07,594.61,13456120.08,77.7,0,1
2026-09,23,PLT-05,PRD-08,282.23,404213.52,128.4,0,1
2026-09,23,PLT-05,PRD-09,236.7,384488.72,235.4,1,1
2026-09,23,PLT-05,PRD-10,416.15,318647.51,56.4,0,1
2026-09,23,PLT-05,PRD-11,391.63,404274.81,154.0,1,1
2026-09,23,PLT-05,PRD-12,298.4,266407.63,51.8,0,1
2026-09,23,PLT-06,PRD-01,309.62,337861.85,60.0,0,1
2026-09,23,PLT-06,PRD-02,515.66,637816.65,127.2,0,1
2026-09,23,PLT-06,PRD-03,447.31,368848.67,179.0,1,1
2026-09,23,PLT-06,PRD-04,285.8,209979.85,25.2,0,1
2026-09,23,PLT-06,PRD-05,462.11,862381.94,162.0,1,1
2026-09,23,PLT-06,PRD-06,260.18,545235.83,12.0,0,1
2026-09,23,PLT-06,PRD-07,229.67,5197476.55,101.7,0,1
2026-09,23,PLT-06,PRD-08,376.27,538899.62,83.9,0,1
2026-09,23,PLT-06,PRD-09,279.95,454749.72,78.1,0,1
2026-09,23,PLT-06,PRD-10,467.32,357830.26,50.9,0,1
2026-09,23,PLT-06,PRD-11,418.77,432297.41,65.7,0,1
2026-09,23,PLT-06,PRD-12,412.44,368222.19,25.2,0,1
